"school";"sex";"age";"address";"famsize";"Parent_Status";"Mother_Education";"Father_Education";"Mjob";"Fjob";"reason";"guardian";"traveltime";"studytime";"failures";"schoolsup";"famsup";"paid";"activities";"nursery";"higher";"internet";"romantic";"famrel";"freetime";"goout";"Dalc";"Walc";"health";"absences";"G1";"G2";"G3";"traveltime2";"Total_score";"mother_education2";"Father_Education2";"total_parent_education";"absences2"
"GP";"F";18;"U";"4+";"A";"College";"College";"at_home";"teacher";"course";"mother";2;2;0;"yes";"no";"no";"no";"yes";"yes";"no";"no";4;3;4;1;1;3;6;5;6;6;23;17;"4";"4";8;"some"
"GP";"F";17;"U";"4+";"T";"elementary school";"elementary school";"at_home";"other";"course";"father";1;2;0;"no";"yes";"no";"no";"no";"yes";"yes";"no";5;3;3;1;1;3;4;5;5;6;8;16;"1";"1";2;"some"
"GP";"F";15;"U";"3 or less";"T";"elementary school";"elementary school";"at_home";"other";"other";"mother";1;2;3;"yes";"no";"yes";"no";"yes";"yes";"yes";"no";4;3;2;2;3;3;10;7;8;10;8;25;"1";"1";2;"many"
"GP";"F";15;"U";"4+";"T";"College";"Middle School";"health";"services";"home";"mother";1;3;0;"no";"yes";"yes";"yes";"yes";"yes";"yes";"yes";3;2;2;1;1;5;2;15;14;15;8;44;"4";"2";6;"few"
"GP";"F";16;"U";"4+";"T";"High School";"High School";"other";"other";"home";"father";1;2;0;"no";"yes";"yes";"no";"yes";"yes";"no";"no";4;3;2;1;2;5;4;6;10;10;8;26;"3";"3";6;"some"
"GP";"M";16;"U";"3 or less";"T";"College";"High School";"services";"other";"reputation";"mother";1;2;0;"no";"yes";"yes";"yes";"yes";"yes";"yes";"no";5;4;2;1;2;5;10;15;15;15;8;45;"4";"3";7;"many"
"GP";"M";16;"U";"3 or less";"T";"Middle School";"Middle School";"other";"other";"home";"mother";1;2;0;"no";"no";"no";"no";"yes";"yes";"yes";"no";4;4;4;1;1;3;0;12;12;11;8;35;"2";"2";4;"0"
"GP";"F";17;"U";"4+";"A";"College";"College";"other";"teacher";"home";"mother";2;2;0;"yes";"yes";"no";"no";"yes";"yes";"no";"no";4;1;4;1;1;1;6;6;5;6;23;17;"4";"4";8;"some"
"GP";"M";15;"U";"3 or less";"A";"High School";"Middle School";"services";"other";"home";"mother";1;2;0;"no";"yes";"yes";"no";"yes";"yes";"yes";"no";4;2;2;1;1;1;0;16;18;19;8;53;"3";"2";5;"0"
"GP";"M";15;"U";"4+";"T";"High School";"College";"other";"other";"home";"mother";1;2;0;"no";"yes";"yes";"yes";"yes";"yes";"yes";"no";5;5;1;1;1;5;0;14;15;15;8;44;"3";"4";7;"0"
"GP";"F";15;"U";"4+";"T";"College";"College";"teacher";"health";"reputation";"mother";1;2;0;"no";"yes";"yes";"no";"yes";"yes";"yes";"no";3;3;3;1;2;2;0;10;8;9;8;27;"4";"4";8;"0"
"GP";"F";15;"U";"4+";"T";"Middle School";"elementary school";"services";"other";"reputation";"father";3;3;0;"no";"yes";"no";"yes";"yes";"yes";"yes";"no";5;2;2;1;1;4;4;10;12;12;45;34;"2";"1";3;"some"
"GP";"M";15;"U";"3 or less";"T";"College";"College";"health";"services";"course";"father";1;1;0;"no";"yes";"yes";"yes";"yes";"yes";"yes";"no";4;3;3;1;3;5;2;14;14;14;8;42;"4";"4";8;"few"
"GP";"M";15;"U";"4+";"T";"College";"High School";"teacher";"other";"course";"mother";2;2;0;"no";"yes";"yes";"no";"yes";"yes";"yes";"no";5;4;3;1;2;3;2;10;10;11;23;31;"4";"3";7;"few"
"GP";"M";15;"U";"4+";"A";"Middle School";"Middle School";"other";"other";"home";"other";1;3;0;"no";"yes";"no";"no";"yes";"yes";"yes";"yes";4;5;2;1;1;3;0;14;16;16;8;46;"2";"2";4;"0"
"GP";"F";16;"U";"4+";"T";"College";"College";"health";"other";"home";"mother";1;1;0;"no";"yes";"no";"no";"yes";"yes";"yes";"no";4;4;4;1;2;2;4;14;14;14;8;42;"4";"4";8;"some"
"GP";"F";16;"U";"4+";"T";"College";"College";"services";"services";"reputation";"mother";1;3;0;"no";"yes";"yes";"yes";"yes";"yes";"yes";"no";3;2;3;1;2;2;6;13;14;14;8;41;"4";"4";8;"some"
"GP";"F";16;"U";"4+";"T";"High School";"High School";"other";"other";"reputation";"mother";3;2;0;"yes";"yes";"no";"yes";"yes";"yes";"no";"no";5;3;2;1;1;4;4;8;10;10;45;28;"3";"3";6;"some"
"GP";"M";17;"U";"4+";"T";"High School";"Middle School";"services";"services";"course";"mother";1;1;3;"no";"yes";"no";"yes";"yes";"yes";"yes";"no";5;5;5;2;4;5;16;6;5;5;8;16;"3";"2";5;"sicko"
"GP";"M";16;"U";"3 or less";"T";"College";"High School";"health";"other";"home";"father";1;1;0;"no";"no";"yes";"yes";"yes";"yes";"yes";"no";3;1;3;1;3;5;4;8;10;10;8;28;"4";"3";7;"some"
"GP";"M";15;"U";"4+";"T";"College";"High School";"teacher";"other";"reputation";"mother";1;2;0;"no";"no";"no";"no";"yes";"yes";"yes";"no";4;4;1;1;1;1;0;13;14;15;8;42;"4";"3";7;"0"
"GP";"M";15;"U";"4+";"T";"College";"College";"health";"health";"other";"father";1;1;0;"no";"yes";"yes";"no";"yes";"yes";"yes";"no";5;4;2;1;1;5;0;12;15;15;8;42;"4";"4";8;"0"
"GP";"M";16;"U";"3 or less";"T";"College";"Middle School";"teacher";"other";"course";"mother";1;2;0;"no";"no";"no";"yes";"yes";"yes";"yes";"no";4;5;1;1;3;5;2;15;15;16;8;46;"4";"2";6;"few"
"GP";"M";16;"U";"3 or less";"T";"Middle School";"Middle School";"other";"other";"reputation";"mother";2;2;0;"no";"yes";"no";"yes";"yes";"yes";"yes";"no";5;4;4;2;4;5;0;13;13;12;23;38;"2";"2";4;"0"
"GP";"F";15;"R";"4+";"T";"Middle School";"College";"services";"health";"course";"mother";1;3;0;"yes";"yes";"yes";"yes";"yes";"yes";"yes";"no";4;3;2;1;1;5;2;10;9;8;8;27;"2";"4";6;"few"
"GP";"F";16;"U";"4+";"T";"Middle School";"Middle School";"services";"services";"home";"mother";1;1;2;"no";"yes";"yes";"no";"no";"yes";"yes";"no";1;2;2;1;3;5;14;6;9;8;8;23;"2";"2";4;"sicko"
"GP";"M";15;"U";"4+";"T";"Middle School";"Middle School";"other";"other";"home";"mother";1;1;0;"no";"yes";"yes";"no";"yes";"yes";"yes";"no";4;2;2;1;2;5;2;12;12;11;8;35;"2";"2";4;"few"
"GP";"M";15;"U";"4+";"T";"College";"Middle School";"health";"services";"other";"mother";1;1;0;"no";"no";"yes";"no";"yes";"yes";"yes";"no";2;2;4;2;4;1;4;15;16;15;8;46;"4";"2";6;"some"
"GP";"M";16;"U";"3 or less";"A";"High School";"College";"services";"other";"home";"mother";1;2;0;"yes";"yes";"no";"yes";"yes";"yes";"yes";"no";5;3;3;1;1;5;4;11;11;11;8;33;"3";"4";7;"some"
"GP";"M";16;"U";"4+";"T";"College";"College";"teacher";"teacher";"home";"mother";1;2;0;"no";"yes";"yes";"yes";"yes";"yes";"yes";"yes";4;4;5;5;5;5;16;10;12;11;8;33;"4";"4";8;"sicko"
"GP";"M";15;"U";"4+";"T";"College";"College";"health";"services";"home";"mother";1;2;0;"no";"yes";"yes";"no";"no";"yes";"yes";"no";5;4;2;3;4;5;0;9;11;12;8;32;"4";"4";8;"0"
"GP";"M";15;"U";"4+";"T";"College";"College";"services";"services";"reputation";"mother";2;2;0;"no";"yes";"no";"yes";"yes";"yes";"yes";"no";4;3;1;1;1;5;0;17;16;17;23;50;"4";"4";8;"0"
"GP";"M";15;"R";"4+";"T";"College";"High School";"teacher";"at_home";"course";"mother";1;2;0;"no";"yes";"no";"yes";"yes";"yes";"yes";"yes";4;5;2;1;1;5;0;17;16;16;8;49;"4";"3";7;"0"
"GP";"M";15;"U";"3 or less";"T";"High School";"High School";"other";"other";"course";"mother";1;2;0;"no";"no";"no";"yes";"no";"yes";"yes";"no";5;3;2;1;1;2;0;8;10;12;8;30;"3";"3";6;"0"
"GP";"M";16;"U";"4+";"T";"High School";"Middle School";"other";"other";"home";"mother";1;1;0;"no";"yes";"yes";"no";"no";"yes";"yes";"no";5;4;3;1;1;5;0;12;14;15;8;41;"3";"2";5;"0"
"GP";"F";15;"U";"4+";"T";"Middle School";"High School";"other";"other";"other";"father";2;1;0;"no";"yes";"no";"yes";"yes";"yes";"no";"no";3;5;1;1;1;5;0;8;7;6;23;21;"2";"3";5;"0"
"GP";"M";15;"U";"3 or less";"T";"College";"High School";"teacher";"services";"home";"mother";1;3;0;"no";"yes";"no";"yes";"yes";"yes";"yes";"no";5;4;3;1;1;4;2;15;16;18;8;49;"4";"3";7;"few"
"GP";"M";16;"R";"4+";"A";"College";"College";"other";"teacher";"reputation";"mother";2;3;0;"no";"yes";"no";"yes";"yes";"yes";"yes";"yes";2;4;3;1;1;5;7;15;16;15;23;46;"4";"4";8;"some"
"GP";"F";15;"R";"4+";"T";"High School";"College";"services";"health";"course";"mother";1;3;0;"yes";"yes";"yes";"yes";"yes";"yes";"yes";"no";4;3;2;1;1;5;2;12;12;11;8;35;"3";"4";7;"few"
"GP";"F";15;"R";"4+";"T";"Middle School";"Middle School";"at_home";"other";"reputation";"mother";1;1;0;"yes";"yes";"yes";"yes";"yes";"yes";"no";"no";4;3;1;1;1;2;8;14;13;13;8;40;"2";"2";4;"some"
"GP";"F";16;"U";"3 or less";"T";"Middle School";"Middle School";"other";"other";"home";"mother";2;2;1;"no";"yes";"no";"yes";"no";"yes";"yes";"yes";3;3;3;1;2;3;25;7;10;11;23;28;"2";"2";4;"sicko"
"GP";"M";15;"U";"3 or less";"T";"College";"College";"teacher";"other";"home";"other";1;1;0;"no";"yes";"no";"no";"no";"yes";"yes";"yes";5;4;3;2;4;5;8;12;12;12;8;36;"4";"4";8;"some"
"GP";"M";15;"U";"4+";"T";"College";"College";"services";"teacher";"course";"father";1;2;0;"no";"yes";"no";"yes";"yes";"yes";"yes";"no";4;3;3;1;1;5;2;19;18;18;8;55;"4";"4";8;"few"
"GP";"M";15;"U";"4+";"T";"Middle School";"Middle School";"services";"services";"course";"father";1;1;0;"yes";"yes";"no";"no";"yes";"yes";"yes";"no";5;4;1;1;1;1;0;8;8;11;8;27;"2";"2";4;"0"
"GP";"F";16;"U";"3 or less";"T";"Middle School";"Middle School";"other";"at_home";"course";"father";2;2;1;"yes";"no";"no";"yes";"yes";"yes";"yes";"no";4;3;3;2;2;5;14;10;10;9;23;29;"2";"2";4;"sicko"
"GP";"F";15;"U";"3 or less";"A";"College";"High School";"other";"other";"course";"mother";1;2;0;"yes";"yes";"yes";"yes";"yes";"yes";"yes";"yes";5;2;2;1;1;5;8;8;8;6;8;22;"4";"3";7;"some"
"GP";"F";16;"U";"3 or less";"A";"High School";"High School";"other";"services";"home";"mother";1;2;0;"no";"yes";"no";"no";"yes";"yes";"yes";"no";2;3;5;1;4;3;12;11;12;11;8;34;"3";"3";6;"many"
"GP";"M";16;"U";"4+";"T";"College";"High School";"health";"services";"reputation";"mother";1;4;0;"no";"no";"no";"yes";"yes";"yes";"yes";"no";4;2;2;1;1;2;4;19;19;20;8;58;"4";"3";7;"some"
"GP";"M";15;"U";"4+";"T";"College";"Middle School";"teacher";"other";"home";"mother";1;2;0;"no";"yes";"yes";"no";"yes";"yes";"no";"no";4;3;3;2;2;5;2;15;15;14;8;44;"4";"2";6;"few"
"GP";"F";15;"U";"4+";"T";"College";"College";"services";"teacher";"other";"father";1;2;1;"yes";"yes";"no";"yes";"no";"yes";"yes";"no";4;4;4;1;1;3;2;7;7;7;8;21;"4";"4";8;"few"
"GP";"F";16;"U";"3 or less";"T";"Middle School";"Middle School";"services";"services";"course";"mother";3;2;0;"no";"yes";"yes";"no";"yes";"yes";"yes";"no";4;3;3;2;3;4;2;12;13;13;45;38;"2";"2";4;"few"
"GP";"F";15;"U";"3 or less";"T";"College";"Middle School";"health";"other";"other";"mother";1;2;0;"no";"yes";"yes";"no";"yes";"yes";"yes";"no";4;3;3;1;1;5;2;11;13;13;8;37;"4";"2";6;"few"
"GP";"M";15;"U";"3 or less";"A";"College";"Middle School";"health";"health";"other";"father";2;1;1;"no";"no";"no";"no";"yes";"yes";"no";"no";5;5;5;3;4;5;6;11;11;10;23;32;"4";"2";6;"some"
"GP";"F";15;"U";"4+";"T";"College";"College";"services";"services";"course";"mother";1;1;0;"yes";"yes";"yes";"no";"yes";"yes";"yes";"no";3;3;4;2;3;5;0;8;10;11;8;29;"4";"4";8;"0"
"GP";"F";15;"U";"3 or less";"A";"High School";"High School";"other";"other";"other";"mother";1;1;0;"no";"no";"yes";"no";"yes";"yes";"yes";"no";5;3;4;4;4;1;6;10;13;13;8;36;"3";"3";6;"some"
"GP";"F";16;"U";"4+";"A";"Middle School";"elementary school";"other";"other";"other";"mother";1;2;0;"no";"no";"yes";"yes";"yes";"yes";"yes";"yes";5;3;4;1;1;2;8;8;9;10;8;27;"2";"1";3;"some"
"GP";"F";15;"U";"4+";"A";"College";"High School";"services";"services";"reputation";"mother";1;2;0;"no";"yes";"yes";"yes";"yes";"yes";"yes";"no";4;3;2;1;1;1;0;14;15;15;8;44;"4";"3";7;"0"
"GP";"M";15;"U";"4+";"T";"College";"College";"teacher";"health";"reputation";"mother";1;2;0;"no";"yes";"no";"yes";"yes";"yes";"no";"no";3;2;2;1;1;5;4;14;15;15;8;44;"4";"4";8;"some"
"GP";"M";15;"U";"3 or less";"T";"elementary school";"Middle School";"other";"at_home";"home";"father";1;2;0;"yes";"yes";"no";"yes";"yes";"yes";"yes";"no";4;3;2;1;1;5;2;9;10;9;8;28;"1";"2";3;"few"
"GP";"F";16;"U";"4+";"T";"College";"Middle School";"services";"other";"course";"mother";1;2;0;"no";"yes";"no";"no";"yes";"yes";"yes";"no";4;2;3;1;1;5;2;15;16;16;8;47;"4";"2";6;"few"
"GP";"F";16;"R";"4+";"T";"College";"College";"health";"teacher";"other";"mother";1;2;0;"no";"yes";"no";"yes";"yes";"yes";"no";"no";2;4;4;2;3;4;6;10;11;11;8;32;"4";"4";8;"some"
"GP";"F";16;"U";"4+";"T";"elementary school";"elementary school";"services";"services";"course";"father";4;1;0;"yes";"yes";"no";"yes";"no";"yes";"yes";"yes";5;5;5;5;5;5;6;10;8;11;60;29;"1";"1";2;"some"
"GP";"F";16;"U";"3 or less";"T";"elementary school";"Middle School";"other";"services";"reputation";"father";1;2;0;"yes";"no";"no";"yes";"yes";"yes";"yes";"no";4;4;3;1;1;1;4;8;10;9;8;27;"1";"2";3;"some"
"GP";"F";16;"U";"4+";"T";"College";"High School";"teacher";"health";"home";"mother";1;3;0;"yes";"yes";"yes";"yes";"yes";"yes";"yes";"no";3;4;4;2;4;4;2;10;9;9;8;28;"4";"3";7;"few"
"GP";"F";15;"U";"3 or less";"T";"College";"High School";"services";"services";"reputation";"father";1;2;0;"yes";"no";"no";"yes";"yes";"yes";"yes";"yes";4;4;4;2;4;2;0;10;10;10;8;30;"4";"3";7;"0"
"GP";"F";16;"U";"3 or less";"T";"College";"High School";"teacher";"services";"course";"mother";3;2;0;"no";"yes";"no";"yes";"yes";"yes";"yes";"no";5;4;3;1;2;1;2;16;15;15;45;46;"4";"3";7;"few"
"GP";"M";15;"U";"4+";"A";"College";"College";"other";"services";"reputation";"mother";1;4;0;"no";"yes";"no";"yes";"no";"yes";"yes";"yes";1;3;3;5;5;3;4;13;13;12;8;38;"4";"4";8;"some"
"GP";"F";16;"U";"4+";"T";"High School";"elementary school";"services";"other";"course";"mother";1;4;0;"yes";"yes";"yes";"no";"yes";"yes";"yes";"no";4;3;3;1;2;5;4;7;7;6;8;20;"3";"1";4;"some"
"GP";"F";15;"R";"3 or less";"T";"Middle School";"Middle School";"health";"services";"reputation";"mother";2;2;0;"yes";"yes";"yes";"no";"yes";"yes";"yes";"no";4;1;3;1;3;4;2;8;9;8;23;25;"2";"2";4;"few"
"GP";"F";15;"R";"3 or less";"T";"High School";"elementary school";"other";"other";"reputation";"father";2;4;0;"no";"yes";"no";"no";"no";"yes";"yes";"no";4;4;2;2;3;3;12;16;16;16;23;48;"3";"1";4;"many"
"GP";"M";16;"U";"4+";"T";"High School";"elementary school";"other";"other";"reputation";"father";2;4;0;"no";"yes";"yes";"no";"yes";"yes";"yes";"no";4;3;2;1;1;5;0;13;15;15;23;43;"3";"1";4;"0"
"GP";"M";15;"U";"4+";"T";"College";"Middle School";"other";"other";"course";"mother";1;4;0;"no";"no";"no";"no";"yes";"yes";"yes";"no";3;3;3;1;1;3;0;10;10;10;8;30;"4";"2";6;"0"
"GP";"F";15;"R";"4+";"T";"elementary school";"elementary school";"other";"other";"reputation";"mother";1;2;2;"yes";"yes";"no";"no";"no";"yes";"yes";"yes";3;3;4;2;4;5;2;8;6;5;8;19;"1";"1";2;"few"
"GP";"M";16;"U";"4+";"T";"High School";"elementary school";"other";"other";"reputation";"mother";1;1;0;"no";"no";"no";"yes";"yes";"yes";"no";"no";5;3;2;2;2;5;2;12;12;14;8;38;"3";"1";4;"few"
"GP";"F";16;"U";"4+";"T";"High School";"High School";"other";"services";"home";"mother";1;2;0;"yes";"yes";"yes";"yes";"yes";"yes";"yes";"no";4;3;3;2;4;5;54;11;12;11;8;34;"3";"3";6;"sicko"
"GP";"M";15;"U";"4+";"T";"College";"High School";"teacher";"other";"home";"mother";1;2;0;"no";"yes";"yes";"yes";"yes";"yes";"yes";"no";4;3;3;2;3;5;6;9;9;10;8;28;"4";"3";7;"some"
"GP";"M";15;"U";"4+";"T";"College";"elementary school";"teacher";"other";"course";"mother";2;4;0;"no";"no";"no";"yes";"yes";"yes";"yes";"no";3;4;3;1;1;1;8;11;11;10;23;32;"4";"1";5;"some"
"GP";"F";16;"U";"4+";"T";"Middle School";"Middle School";"other";"other";"reputation";"mother";1;4;0;"no";"no";"yes";"no";"yes";"yes";"yes";"yes";5;2;3;1;3;3;0;11;11;11;8;33;"2";"2";4;"0"
"GP";"M";17;"U";"4+";"T";"Middle School";"elementary school";"other";"other";"home";"mother";2;1;3;"yes";"yes";"no";"yes";"yes";"no";"yes";"no";4;5;1;1;1;3;2;8;8;10;23;26;"2";"1";3;"few"
"GP";"F";16;"U";"4+";"T";"High School";"College";"at_home";"other";"course";"mother";1;2;0;"no";"yes";"no";"no";"yes";"yes";"yes";"no";2;4;3;1;2;3;12;5;5;5;8;15;"3";"4";7;"many"
"GP";"M";15;"U";"4+";"T";"Middle School";"High School";"other";"services";"course";"father";1;1;0;"yes";"yes";"yes";"yes";"no";"yes";"yes";"yes";3;2;2;1;3;3;2;10;12;12;8;34;"2";"3";5;"few"
"GP";"M";15;"U";"4+";"T";"Middle School";"High School";"other";"other";"home";"mother";1;3;0;"yes";"no";"yes";"no";"no";"yes";"yes";"no";5;3;2;1;2;5;4;11;10;11;8;32;"2";"3";5;"some"
"GP";"F";15;"U";"3 or less";"T";"High School";"Middle School";"services";"other";"reputation";"mother";1;2;0;"no";"yes";"yes";"no";"yes";"yes";"yes";"no";4;4;4;1;1;5;10;7;6;6;8;19;"3";"2";5;"many"
"GP";"M";15;"U";"3 or less";"T";"Middle School";"Middle School";"services";"services";"home";"mother";2;2;0;"no";"no";"yes";"yes";"yes";"yes";"yes";"no";5;3;3;1;3;4;4;15;15;15;23;45;"2";"2";4;"some"
"GP";"F";15;"U";"4+";"T";"elementary school";"elementary school";"other";"other";"home";"father";1;2;0;"no";"yes";"no";"yes";"no";"yes";"yes";"no";4;3;2;2;3;4;2;9;10;10;8;29;"1";"1";2;"few"
"GP";"F";15;"U";"4+";"T";"College";"College";"services";"services";"reputation";"father";2;2;2;"no";"no";"yes";"no";"yes";"yes";"yes";"yes";4;4;4;2;3;5;6;7;9;8;23;24;"4";"4";8;"some"
"GP";"F";16;"U";"3 or less";"T";"Middle School";"Middle School";"at_home";"other";"course";"mother";1;2;0;"no";"yes";"no";"no";"yes";"yes";"no";"no";4;3;4;1;2;2;4;8;7;6;8;21;"2";"2";4;"some"
"GP";"F";15;"U";"4+";"T";"College";"Middle School";"other";"other";"reputation";"mother";1;3;0;"no";"yes";"no";"yes";"yes";"yes";"yes";"no";5;3;3;1;3;1;4;13;14;14;8;41;"4";"2";6;"some"
"GP";"M";16;"U";"4+";"T";"Middle School";"Middle School";"services";"other";"reputation";"father";2;2;1;"no";"no";"yes";"yes";"no";"yes";"yes";"no";4;4;2;1;1;3;12;11;10;10;23;31;"2";"2";4;"many"
"GP";"M";16;"U";"3 or less";"A";"College";"College";"teacher";"health";"reputation";"mother";1;2;0;"no";"yes";"no";"no";"yes";"yes";"no";"no";4;1;3;3;5;5;18;8;6;7;8;21;"4";"4";8;"sicko"
"GP";"F";16;"U";"4+";"T";"High School";"High School";"other";"other";"home";"mother";1;3;0;"no";"yes";"yes";"no";"yes";"yes";"yes";"yes";4;3;3;1;3;4;0;7;7;8;8;22;"3";"3";6;"0"
"GP";"F";15;"U";"4+";"T";"College";"High School";"services";"other";"reputation";"mother";1;1;0;"no";"no";"yes";"yes";"yes";"yes";"yes";"no";4;5;5;1;3;1;4;16;17;18;8;51;"4";"3";7;"some"
"GP";"F";16;"U";"3 or less";"T";"High School";"elementary school";"other";"other";"home";"father";1;2;0;"yes";"yes";"no";"no";"yes";"yes";"no";"no";3;3;3;2;3;2;4;7;6;6;8;19;"3";"1";4;"some"
"GP";"F";16;"U";"4+";"T";"College";"Middle School";"teacher";"services";"home";"mother";2;2;0;"no";"yes";"yes";"yes";"yes";"yes";"yes";"no";5;3;3;1;1;1;0;11;10;10;23;31;"4";"2";6;"0"
"GP";"M";15;"U";"3 or less";"T";"Middle School";"Middle School";"services";"health";"reputation";"mother";1;4;0;"no";"yes";"no";"yes";"yes";"yes";"yes";"no";4;3;4;1;1;4;6;11;13;14;8;38;"2";"2";4;"some"
"GP";"F";15;"R";"4+";"T";"elementary school";"elementary school";"at_home";"other";"home";"mother";2;4;1;"yes";"yes";"yes";"yes";"yes";"yes";"yes";"no";3;1;2;1;1;1;2;7;10;10;23;27;"1";"1";2;"few"
"GP";"M";16;"R";"4+";"T";"College";"High School";"services";"other";"reputation";"mother";2;1;0;"yes";"yes";"no";"yes";"no";"yes";"yes";"no";3;3;3;1;1;4;2;11;15;15;23;41;"4";"3";7;"few"
"GP";"F";16;"U";"4+";"T";"Middle School";"elementary school";"other";"other";"course";"mother";1;2;0;"no";"yes";"yes";"no";"yes";"yes";"no";"yes";4;3;5;1;1;5;2;8;9;10;8;27;"2";"1";3;"few"
"GP";"F";16;"U";"4+";"T";"College";"College";"other";"other";"reputation";"mother";1;1;0;"no";"no";"no";"yes";"no";"yes";"yes";"no";5;3;4;1;2;1;6;11;14;14;8;39;"4";"4";8;"some"
"GP";"F";16;"U";"4+";"T";"College";"High School";"other";"at_home";"course";"mother";1;3;0;"yes";"yes";"yes";"no";"yes";"yes";"yes";"no";5;3;5;1;1;3;0;7;9;8;8;24;"4";"3";7;"0"
"GP";"M";16;"U";"4+";"T";"College";"College";"services";"services";"other";"mother";1;1;0;"yes";"yes";"yes";"yes";"yes";"yes";"yes";"no";4;5;5;5;5;4;14;7;7;5;8;19;"4";"4";8;"sicko"
"GP";"M";16;"U";"4+";"T";"College";"College";"services";"teacher";"other";"father";1;3;0;"no";"yes";"no";"yes";"yes";"yes";"yes";"yes";4;4;3;1;1;4;0;16;17;17;8;50;"4";"4";8;"0"
"GP";"M";15;"U";"4+";"T";"College";"College";"services";"other";"course";"mother";1;1;0;"no";"yes";"no";"yes";"no";"yes";"yes";"no";5;3;3;1;1;5;4;10;13;14;8;37;"4";"4";8;"some"
"GP";"F";15;"U";"4+";"T";"High School";"Middle School";"services";"other";"home";"mother";2;2;0;"yes";"yes";"yes";"no";"yes";"yes";"yes";"no";4;3;5;1;1;2;26;7;6;6;23;19;"3";"2";5;"sicko"
"GP";"M";15;"U";"4+";"A";"High School";"College";"services";"other";"course";"mother";1;2;0;"no";"yes";"yes";"yes";"yes";"yes";"yes";"no";5;4;4;1;1;1;0;16;18;18;8;52;"3";"4";7;"0"
"GP";"F";15;"U";"4+";"A";"High School";"High School";"other";"health";"reputation";"father";1;4;0;"yes";"no";"no";"no";"yes";"yes";"no";"no";4;3;3;1;1;4;10;10;11;11;8;32;"3";"3";6;"many"
"GP";"F";15;"U";"4+";"T";"Middle School";"Middle School";"other";"other";"course";"mother";1;4;0;"yes";"yes";"yes";"no";"yes";"yes";"yes";"no";5;1;2;1;1;3;8;7;8;8;8;23;"2";"2";4;"some"
"GP";"M";16;"U";"4+";"T";"High School";"High School";"services";"other";"home";"father";1;3;0;"no";"yes";"no";"yes";"yes";"yes";"yes";"no";5;3;3;1;1;5;2;16;18;18;8;52;"3";"3";6;"few"
"GP";"M";15;"R";"4+";"T";"College";"College";"other";"other";"home";"father";4;4;0;"no";"yes";"yes";"yes";"yes";"yes";"yes";"yes";1;3;5;3;5;1;6;10;13;13;60;36;"4";"4";8;"some"
"GP";"F";16;"U";"3 or less";"T";"College";"College";"health";"health";"other";"mother";1;3;0;"no";"yes";"yes";"yes";"yes";"yes";"yes";"yes";5;4;5;1;1;4;4;14;15;16;8;45;"4";"4";8;"some"
"GP";"M";15;"U";"3 or less";"A";"College";"College";"teacher";"teacher";"course";"mother";1;1;0;"no";"no";"no";"yes";"yes";"yes";"yes";"no";5;5;3;1;1;4;6;18;19;19;8;56;"4";"4";8;"some"
"GP";"F";16;"R";"4+";"T";"High School";"High School";"services";"other";"reputation";"father";1;3;1;"yes";"yes";"no";"yes";"yes";"yes";"yes";"no";4;1;2;1;1;2;0;7;10;10;8;27;"3";"3";6;"0"
"GP";"F";16;"U";"4+";"T";"Middle School";"Middle School";"at_home";"other";"home";"mother";1;2;1;"yes";"no";"no";"yes";"yes";"yes";"yes";"no";3;1;2;1;1;5;6;10;13;13;8;36;"2";"2";4;"some"
"GP";"M";15;"U";"3 or less";"T";"College";"Middle School";"teacher";"other";"course";"mother";1;1;0;"no";"no";"no";"no";"yes";"yes";"yes";"no";3;5;2;1;1;3;10;18;19;19;8;56;"4";"2";6;"many"
"GP";"M";15;"R";"4+";"T";"Middle School";"elementary school";"health";"services";"reputation";"mother";1;2;0;"no";"no";"no";"yes";"yes";"yes";"yes";"yes";5;4;2;1;1;5;8;9;9;9;8;27;"2";"1";3;"some"
"GP";"M";16;"U";"4+";"T";"College";"College";"teacher";"teacher";"course";"father";1;2;0;"no";"yes";"no";"yes";"yes";"yes";"yes";"no";5;4;4;1;2;5;2;15;15;16;8;46;"4";"4";8;"few"
"GP";"M";15;"U";"4+";"T";"College";"College";"other";"teacher";"reputation";"father";2;2;0;"no";"yes";"no";"yes";"yes";"yes";"no";"no";4;4;3;1;1;2;2;11;13;14;23;38;"4";"4";8;"few"
"GP";"M";16;"U";"4+";"T";"High School";"High School";"other";"services";"home";"father";2;1;0;"no";"no";"no";"yes";"yes";"yes";"yes";"no";5;4;2;1;1;5;0;13;14;13;23;40;"3";"3";6;"0"
"GP";"M";17;"R";"4+";"T";"elementary school";"High School";"other";"other";"course";"father";3;2;1;"no";"yes";"no";"yes";"yes";"yes";"yes";"no";5;2;4;1;4;5;20;9;7;8;45;24;"1";"3";4;"sicko"
"GP";"M";15;"U";"4+";"T";"High School";"College";"other";"other";"reputation";"father";1;1;0;"no";"no";"no";"no";"yes";"yes";"yes";"no";3;4;3;1;2;4;6;14;13;13;8;40;"3";"4";7;"some"
"GP";"F";15;"U";"4+";"T";"elementary school";"Middle School";"at_home";"services";"course";"mother";1;2;0;"no";"no";"no";"no";"no";"yes";"yes";"no";3;2;3;1;2;1;2;16;15;15;8;46;"1";"2";3;"few"
"GP";"M";15;"U";"4+";"T";"Middle School";"Middle School";"services";"services";"home";"father";1;4;0;"no";"yes";"yes";"yes";"yes";"yes";"yes";"no";5;5;4;1;2;5;6;16;14;15;8;45;"2";"2";4;"some"
"GP";"F";16;"U";"3 or less";"T";"Middle School";"College";"other";"health";"course";"father";2;2;0;"no";"yes";"yes";"yes";"yes";"yes";"yes";"yes";4;2;2;1;2;5;2;13;13;13;23;39;"2";"4";6;"few"
"GP";"M";16;"U";"4+";"T";"College";"College";"health";"other";"course";"mother";1;1;0;"no";"yes";"no";"yes";"yes";"yes";"yes";"no";3;4;4;1;4;5;18;14;11;13;8;38;"4";"4";8;"sicko"
"GP";"F";16;"U";"4+";"T";"Middle School";"Middle School";"other";"other";"home";"mother";1;2;0;"no";"no";"yes";"no";"yes";"yes";"yes";"yes";5;4;4;1;1;5;0;8;7;8;8;23;"2";"2";4;"0"
"GP";"M";15;"U";"4+";"T";"High School";"College";"services";"services";"home";"father";1;1;0;"yes";"no";"no";"no";"yes";"yes";"yes";"no";5;5;5;3;2;5;0;13;13;12;8;38;"3";"4";7;"0"
"GP";"F";15;"U";"3 or less";"A";"High School";"College";"other";"other";"home";"mother";1;2;0;"yes";"no";"no";"yes";"yes";"yes";"yes";"yes";5;3;2;1;1;1;0;7;10;11;8;28;"3";"4";7;"0"
"GP";"F";19;"U";"4+";"T";"elementary school";"elementary school";"at_home";"other";"course";"other";1;2;3;"no";"yes";"no";"no";"no";"no";"no";"no";3;4;2;1;1;5;2;7;8;9;8;24;"1";"1";2;"few"
"GP";"M";18;"R";"4+";"T";"Middle School";"Middle School";"services";"other";"reputation";"mother";1;1;2;"no";"yes";"no";"yes";"yes";"yes";"yes";"no";3;3;3;1;2;4;0;7;4;0;8;11;"2";"2";4;"0"
"GP";"M";16;"R";"4+";"T";"College";"College";"teacher";"teacher";"course";"mother";1;1;0;"no";"no";"yes";"yes";"yes";"yes";"yes";"no";3;5;5;2;5;4;8;18;18;18;8;54;"4";"4";8;"some"
"GP";"F";15;"R";"4+";"T";"High School";"College";"services";"teacher";"course";"father";2;3;2;"no";"yes";"no";"no";"yes";"yes";"yes";"yes";4;2;2;2;2;5;0;12;0;0;23;12;"3";"4";7;"0"
"GP";"F";15;"U";"4+";"T";"elementary school";"elementary school";"at_home";"other";"course";"mother";3;1;0;"no";"yes";"no";"yes";"no";"yes";"yes";"yes";4;3;3;1;2;4;0;8;0;0;45;8;"1";"1";2;"0"
"GP";"F";17;"U";"3 or less";"T";"Middle School";"Middle School";"other";"other";"course";"father";1;1;0;"no";"yes";"no";"no";"yes";"yes";"yes";"yes";3;4;4;1;3;5;12;10;13;12;8;35;"2";"2";4;"many"
"GP";"F";16;"U";"4+";"A";"High School";"College";"services";"other";"course";"father";1;1;0;"no";"no";"no";"no";"yes";"yes";"yes";"no";3;2;1;1;4;5;16;12;11;11;8;34;"3";"4";7;"sicko"
"GP";"M";15;"R";"4+";"T";"High School";"College";"at_home";"teacher";"course";"mother";4;2;0;"no";"yes";"no";"no";"yes";"yes";"no";"yes";5;3;3;1;1;5;0;9;0;0;60;9;"3";"4";7;"0"
"GP";"F";15;"U";"4+";"T";"College";"College";"services";"at_home";"course";"mother";1;3;0;"no";"yes";"no";"yes";"yes";"yes";"yes";"yes";4;3;3;1;1;5;0;11;0;0;8;11;"4";"4";8;"0"
"GP";"M";17;"R";"4+";"T";"High School";"College";"at_home";"other";"course";"mother";3;2;0;"no";"no";"no";"no";"yes";"yes";"no";"no";5;4;5;2;4;5;0;10;0;0;45;10;"3";"4";7;"0"
"GP";"F";16;"U";"4+";"A";"High School";"High School";"other";"other";"course";"other";2;1;2;"no";"yes";"no";"yes";"no";"yes";"yes";"yes";4;3;2;1;1;5;0;4;0;0;23;4;"3";"3";6;"0"
"GP";"M";16;"U";"3 or less";"T";"elementary school";"elementary school";"services";"other";"course";"mother";1;2;1;"no";"no";"no";"no";"yes";"yes";"no";"yes";4;4;4;1;3;5;0;14;12;12;8;38;"1";"1";2;"0"
"GP";"F";15;"U";"4+";"T";"College";"College";"teacher";"teacher";"course";"mother";2;1;0;"no";"no";"no";"yes";"yes";"yes";"yes";"no";4;3;2;1;1;5;0;16;16;15;23;47;"4";"4";8;"0"
"GP";"M";15;"U";"4+";"T";"College";"High School";"teacher";"services";"course";"father";2;4;0;"yes";"yes";"no";"no";"yes";"yes";"yes";"no";2;2;2;1;1;3;0;7;9;0;23;16;"4";"3";7;"0"
"GP";"M";16;"U";"3 or less";"T";"Middle School";"Middle School";"services";"services";"reputation";"father";2;1;2;"no";"yes";"no";"yes";"yes";"yes";"yes";"no";2;3;3;2;2;2;8;9;9;9;23;27;"2";"2";4;"some"
"GP";"F";15;"U";"4+";"T";"College";"College";"teacher";"services";"course";"mother";1;3;0;"no";"yes";"yes";"yes";"yes";"yes";"yes";"no";4;2;2;1;1;5;2;9;11;11;8;31;"4";"4";8;"few"
"GP";"F";16;"U";"3 or less";"T";"elementary school";"elementary school";"at_home";"at_home";"course";"mother";1;1;0;"no";"no";"no";"no";"yes";"yes";"yes";"no";3;4;4;3;3;1;2;14;14;13;8;41;"1";"1";2;"few"
"GP";"M";17;"U";"4+";"T";"Middle School";"elementary school";"other";"other";"home";"mother";1;1;3;"no";"yes";"no";"no";"yes";"yes";"yes";"no";5;4;5;1;2;5;0;5;0;0;8;5;"2";"1";3;"0"
"GP";"F";15;"U";"4+";"T";"elementary school";"elementary school";"other";"services";"course";"father";1;2;0;"no";"yes";"yes";"no";"yes";"yes";"yes";"no";4;4;2;1;2;5;0;8;11;11;8;30;"1";"1";2;"0"
"GP";"F";15;"U";"4+";"T";"High School";"Middle School";"health";"services";"home";"father";1;2;3;"no";"yes";"no";"no";"yes";"yes";"yes";"no";3;3;2;1;1;3;0;6;7;0;8;13;"3";"2";5;"0"
"GP";"F";15;"U";"4+";"T";"elementary school";"Middle School";"at_home";"other";"course";"mother";1;2;0;"no";"yes";"yes";"no";"no";"yes";"yes";"no";4;3;2;1;1;5;2;10;11;11;8;32;"1";"2";3;"few"
"GP";"M";16;"U";"4+";"T";"College";"College";"teacher";"teacher";"course";"mother";1;1;0;"no";"yes";"no";"no";"yes";"no";"yes";"yes";3;3;2;2;1;5;0;7;6;0;8;13;"4";"4";8;"0"
"GP";"M";15;"U";"3 or less";"A";"Middle School";"elementary school";"services";"other";"course";"mother";4;1;3;"no";"no";"no";"no";"yes";"yes";"yes";"no";4;5;5;2;5;5;0;8;9;10;60;27;"2";"1";3;"0"
"GP";"M";18;"U";"3 or less";"T";"elementary school";"elementary school";"other";"other";"course";"mother";1;1;3;"no";"no";"no";"no";"yes";"no";"yes";"yes";2;3;5;2;5;4;0;6;5;0;8;11;"1";"1";2;"0"
"GP";"M";16;"U";"3 or less";"T";"Middle School";"elementary school";"at_home";"other";"course";"mother";1;1;1;"no";"no";"no";"yes";"yes";"yes";"no";"yes";4;4;4;3;5;5;6;12;13;14;8;39;"2";"1";3;"some"
"GP";"F";15;"R";"4+";"T";"High School";"High School";"services";"services";"reputation";"other";2;3;2;"no";"yes";"yes";"yes";"yes";"yes";"yes";"yes";4;2;1;2;3;3;8;10;10;10;23;30;"3";"3";6;"some"
"GP";"M";19;"U";"4+";"T";"High School";"Middle School";"services";"at_home";"home";"mother";1;1;3;"no";"yes";"no";"no";"yes";"no";"yes";"yes";4;5;4;1;1;4;0;5;0;0;8;5;"3";"2";5;"0"
"GP";"F";17;"U";"4+";"T";"College";"College";"other";"teacher";"course";"mother";1;1;0;"yes";"yes";"no";"no";"yes";"yes";"no";"yes";4;2;1;1;1;4;0;11;11;12;8;34;"4";"4";8;"0"
"GP";"M";15;"R";"4+";"T";"Middle School";"High School";"at_home";"services";"course";"mother";1;2;0;"yes";"no";"yes";"yes";"yes";"yes";"no";"no";4;4;4;1;1;1;2;11;8;8;8;27;"2";"3";5;"few"
"GP";"M";17;"R";"3 or less";"T";"elementary school";"Middle School";"other";"other";"reputation";"mother";1;1;0;"no";"no";"no";"no";"yes";"yes";"no";"no";2;2;2;3;3;5;8;16;12;13;8;41;"1";"2";3;"some"
"GP";"F";18;"R";"4+";"T";"elementary school";"elementary school";"at_home";"other";"course";"mother";3;1;3;"no";"yes";"no";"yes";"no";"yes";"no";"no";5;2;5;1;5;4;6;9;8;10;45;27;"1";"1";2;"some"
"GP";"M";16;"R";"4+";"T";"Middle School";"Middle School";"at_home";"other";"course";"mother";3;1;0;"no";"no";"no";"no";"no";"yes";"no";"no";4;2;2;1;2;3;2;17;15;15;45;47;"2";"2";4;"few"
"GP";"M";16;"U";"4+";"T";"High School";"High School";"other";"services";"course";"father";1;2;1;"no";"yes";"yes";"no";"yes";"yes";"yes";"yes";4;5;5;4;4;5;4;10;12;12;8;34;"3";"3";6;"some"
"GP";"M";17;"R";"3 or less";"T";"Middle School";"elementary school";"at_home";"other";"course";"mother";2;1;2;"no";"no";"no";"yes";"yes";"no";"yes";"yes";3;3;2;2;2;5;0;7;6;0;23;13;"2";"1";3;"0"
"GP";"M";15;"R";"4+";"T";"High School";"Middle School";"other";"other";"course";"mother";2;2;2;"yes";"yes";"no";"no";"yes";"yes";"yes";"yes";4;4;4;1;4;3;6;5;9;7;23;21;"3";"2";5;"some"
"GP";"M";16;"U";"3 or less";"T";"elementary school";"Middle School";"other";"other";"course";"mother";2;1;1;"no";"no";"no";"yes";"yes";"yes";"no";"no";4;4;4;2;4;5;0;7;0;0;23;7;"1";"2";3;"0"
"GP";"M";17;"U";"4+";"T";"elementary school";"High School";"at_home";"services";"course";"father";1;1;0;"no";"no";"no";"no";"yes";"no";"yes";"no";5;3;3;1;4;2;2;10;10;10;8;30;"1";"3";4;"few"
"GP";"M";17;"R";"3 or less";"T";"elementary school";"elementary school";"other";"services";"course";"mother";4;2;3;"no";"no";"no";"yes";"yes";"no";"no";"yes";5;3;5;1;5;5;0;5;8;7;60;20;"1";"1";2;"0"
"GP";"M";16;"U";"4+";"T";"High School";"Middle School";"services";"services";"course";"mother";2;1;1;"no";"yes";"no";"yes";"no";"no";"no";"no";4;5;2;1;1;2;16;12;11;12;23;35;"3";"2";5;"sicko"
"GP";"M";16;"U";"4+";"T";"Middle School";"Middle School";"other";"other";"course";"father";1;2;0;"no";"no";"no";"no";"yes";"no";"yes";"no";4;3;5;2;4;4;4;10;10;10;8;30;"2";"2";4;"some"
"GP";"F";16;"U";"4+";"T";"College";"Middle School";"health";"services";"home";"father";1;2;0;"no";"no";"yes";"no";"yes";"yes";"yes";"yes";4;2;3;1;1;3;0;14;15;16;8;45;"4";"2";6;"0"
"GP";"F";16;"U";"4+";"T";"Middle School";"Middle School";"other";"other";"home";"mother";1;2;0;"no";"yes";"yes";"no";"no";"yes";"yes";"no";5;1;5;1;1;4;0;6;7;0;8;13;"2";"2";4;"0"
"GP";"F";16;"U";"4+";"T";"College";"College";"health";"health";"reputation";"mother";1;2;0;"no";"yes";"yes";"no";"yes";"yes";"yes";"yes";4;4;2;1;1;3;0;14;14;14;8;42;"4";"4";8;"0"
"GP";"M";16;"U";"4+";"T";"High School";"College";"other";"other";"course";"father";3;1;2;"no";"yes";"no";"yes";"no";"yes";"yes";"no";3;4;5;2;4;2;0;6;5;0;45;11;"3";"4";7;"0"
"GP";"M";16;"U";"4+";"T";"elementary school";"elementary school";"other";"other";"reputation";"mother";2;2;0;"no";"yes";"yes";"yes";"yes";"yes";"yes";"yes";4;3;2;1;1;3;2;13;15;16;23;44;"1";"1";2;"few"
"GP";"M";17;"U";"3 or less";"T";"College";"College";"teacher";"other";"reputation";"mother";1;2;0;"no";"yes";"yes";"yes";"yes";"yes";"yes";"no";4;4;4;1;3;5;0;13;11;10;8;34;"4";"4";8;"0"
"GP";"F";16;"U";"4+";"T";"elementary school";"High School";"at_home";"services";"home";"mother";1;2;3;"no";"no";"no";"yes";"no";"yes";"yes";"yes";4;3;5;1;1;3;0;8;7;0;8;15;"1";"3";4;"0"
"GP";"F";16;"U";"3 or less";"T";"High School";"High School";"other";"other";"reputation";"mother";2;2;0;"no";"yes";"yes";"yes";"yes";"yes";"yes";"no";4;4;5;1;1;4;4;10;11;9;23;30;"3";"3";6;"some"
"GP";"M";17;"U";"3 or less";"T";"College";"High School";"teacher";"other";"course";"mother";2;2;0;"no";"no";"yes";"yes";"yes";"yes";"yes";"no";4;4;4;4;4;4;4;10;9;9;23;28;"4";"3";7;"some"
"GP";"F";16;"U";"4+";"T";"Middle School";"Middle School";"services";"other";"reputation";"mother";2;2;0;"no";"no";"yes";"yes";"no";"yes";"yes";"no";3;4;4;1;4;5;2;13;13;11;23;37;"2";"2";4;"few"
"GP";"M";17;"U";"4+";"T";"High School";"High School";"other";"other";"reputation";"father";1;2;0;"no";"no";"no";"yes";"no";"yes";"yes";"no";4;3;4;1;4;4;4;6;5;6;8;17;"3";"3";6;"some"
"GP";"M";16;"R";"4+";"T";"College";"Middle School";"teacher";"services";"other";"mother";1;1;0;"no";"yes";"no";"yes";"yes";"yes";"yes";"yes";4;3;3;3;4;3;10;10;8;9;8;27;"4";"2";6;"many"
"GP";"M";17;"U";"4+";"T";"College";"High School";"other";"other";"course";"mother";1;2;0;"no";"yes";"no";"yes";"yes";"yes";"yes";"yes";5;2;3;1;1;2;4;10;10;11;8;31;"4";"3";7;"some"
"GP";"M";16;"U";"4+";"T";"College";"High School";"teacher";"other";"home";"mother";1;2;0;"no";"yes";"yes";"yes";"yes";"yes";"yes";"no";3;4;3;2;3;3;10;9;8;8;8;25;"4";"3";7;"many"
"GP";"M";16;"U";"4+";"T";"High School";"High School";"services";"other";"home";"mother";1;2;0;"no";"no";"yes";"yes";"yes";"yes";"yes";"yes";4;2;3;1;2;3;2;12;13;12;8;37;"3";"3";6;"few"
"GP";"F";17;"U";"4+";"T";"Middle School";"College";"services";"services";"reputation";"father";1;2;0;"no";"yes";"no";"yes";"yes";"yes";"no";"no";5;4;2;2;3;5;0;16;17;17;8;50;"2";"4";6;"0"
"GP";"F";17;"U";"3 or less";"T";"High School";"High School";"other";"other";"reputation";"mother";1;2;0;"no";"yes";"no";"yes";"yes";"yes";"yes";"yes";5;3;3;2;3;1;56;9;9;8;8;26;"3";"3";6;"sicko"
"GP";"F";16;"U";"4+";"T";"High School";"Middle School";"other";"other";"reputation";"mother";1;2;0;"no";"yes";"yes";"no";"yes";"yes";"yes";"no";1;2;2;1;2;1;14;12;13;12;8;37;"3";"2";5;"sicko"
"GP";"M";17;"U";"4+";"T";"High School";"High School";"services";"services";"other";"mother";1;2;0;"no";"yes";"no";"yes";"yes";"yes";"yes";"yes";4;3;4;2;3;4;12;12;12;11;8;35;"3";"3";6;"many"
"GP";"M";16;"U";"4+";"T";"elementary school";"Middle School";"services";"services";"other";"mother";1;1;0;"no";"yes";"yes";"yes";"yes";"yes";"yes";"yes";3;3;3;1;2;3;2;11;12;11;8;34;"1";"2";3;"few"
"GP";"M";16;"U";"3 or less";"T";"Middle School";"elementary school";"other";"other";"course";"mother";1;2;0;"no";"no";"yes";"yes";"yes";"yes";"yes";"yes";4;2;3;1;2;5;0;15;15;15;8;45;"2";"1";3;"0"
"GP";"F";17;"U";"4+";"A";"High School";"High School";"health";"other";"reputation";"mother";1;2;0;"no";"yes";"no";"no";"no";"yes";"yes";"yes";3;3;3;1;3;3;6;8;7;9;8;24;"3";"3";6;"some"
"GP";"M";17;"R";"4+";"T";"elementary school";"Middle School";"at_home";"other";"home";"mother";1;2;0;"no";"no";"no";"no";"yes";"yes";"no";"no";3;1;3;1;5;3;4;8;9;10;8;27;"1";"2";3;"some"
"GP";"F";16;"U";"4+";"T";"Middle School";"High School";"services";"services";"course";"mother";1;2;0;"no";"no";"no";"no";"yes";"yes";"yes";"no";4;3;3;1;1;2;10;11;12;13;8;36;"2";"3";5;"many"
"GP";"F";17;"U";"4+";"T";"elementary school";"elementary school";"at_home";"services";"course";"mother";1;2;0;"no";"no";"no";"yes";"yes";"yes";"yes";"no";5;3;3;1;1;3;0;8;8;9;8;25;"1";"1";2;"0"
"GP";"M";17;"U";"4+";"T";"elementary school";"Middle School";"at_home";"services";"other";"other";2;2;0;"no";"no";"yes";"yes";"no";"yes";"yes";"no";4;4;4;4;5;5;12;7;8;8;23;23;"1";"2";3;"many"
"GP";"M";16;"R";"4+";"T";"High School";"High School";"services";"services";"reputation";"mother";1;1;0;"no";"yes";"no";"yes";"yes";"yes";"yes";"no";4;3;2;3;4;5;8;8;9;10;8;27;"3";"3";6;"some"
"GP";"M";16;"U";"4+";"T";"Middle School";"High School";"other";"other";"home";"father";2;1;0;"no";"no";"no";"no";"yes";"yes";"yes";"no";5;3;3;1;1;3;0;13;14;14;23;41;"2";"3";5;"0"
"GP";"F";17;"U";"3 or less";"T";"Middle School";"College";"services";"services";"course";"father";1;2;0;"no";"no";"no";"yes";"yes";"yes";"yes";"yes";4;3;2;1;1;5;0;14;15;15;8;44;"2";"4";6;"0"
"GP";"M";17;"U";"4+";"T";"College";"College";"services";"teacher";"home";"mother";1;1;0;"no";"no";"no";"no";"yes";"yes";"yes";"no";5;2;3;1;2;5;4;17;15;16;8;48;"4";"4";8;"some"
"GP";"M";16;"R";"3 or less";"T";"High School";"High School";"teacher";"other";"home";"father";3;1;0;"no";"yes";"yes";"yes";"yes";"yes";"yes";"no";3;3;4;3;5;3;8;9;9;10;45;28;"3";"3";6;"some"
"GP";"F";17;"U";"4+";"T";"College";"College";"services";"teacher";"home";"mother";2;1;1;"no";"yes";"no";"no";"yes";"yes";"yes";"no";4;2;4;2;3;2;24;18;18;18;23;54;"4";"4";8;"sicko"
"GP";"F";16;"U";"3 or less";"T";"College";"College";"teacher";"teacher";"reputation";"mother";1;2;0;"no";"yes";"yes";"no";"yes";"yes";"yes";"no";4;5;2;1;2;3;0;9;9;10;8;28;"4";"4";8;"0"
"GP";"F";16;"U";"4+";"T";"College";"High School";"health";"other";"home";"mother";1;2;0;"no";"yes";"no";"yes";"yes";"yes";"yes";"no";4;3;5;1;5;2;2;16;16;16;8;48;"4";"3";7;"few"
"GP";"F";16;"U";"4+";"T";"Middle School";"High School";"other";"other";"reputation";"mother";1;2;0;"yes";"yes";"yes";"yes";"yes";"yes";"no";"no";4;4;3;1;3;4;6;8;10;10;8;28;"2";"3";5;"some"
"GP";"F";17;"U";"4+";"T";"elementary school";"elementary school";"other";"other";"course";"mother";1;2;0;"no";"yes";"yes";"no";"no";"yes";"no";"no";4;4;4;1;3;1;4;9;9;10;8;28;"1";"1";2;"some"
"GP";"F";17;"R";"4+";"T";"Middle School";"Middle School";"other";"other";"reputation";"mother";1;1;0;"no";"yes";"no";"no";"yes";"yes";"yes";"no";5;3;2;1;2;3;18;7;6;6;8;19;"2";"2";4;"sicko"
"GP";"F";16;"R";"4+";"T";"Middle School";"Middle School";"services";"services";"reputation";"mother";2;4;0;"no";"yes";"yes";"yes";"no";"yes";"yes";"no";5;3;5;1;1;5;6;10;10;11;23;31;"2";"2";4;"some"
"GP";"F";17;"U";"4+";"T";"High School";"College";"at_home";"services";"home";"mother";1;3;1;"no";"yes";"yes";"no";"yes";"yes";"yes";"yes";4;4;3;3;4;5;28;10;9;9;8;28;"3";"4";7;"sicko"
"GP";"F";16;"U";"4+";"A";"High School";"elementary school";"services";"other";"course";"mother";1;2;3;"no";"yes";"yes";"no";"yes";"yes";"yes";"no";2;3;3;2;2;4;5;7;7;7;8;21;"3";"1";4;"some"
"GP";"F";16;"U";"4+";"T";"College";"High School";"teacher";"other";"other";"mother";1;2;0;"no";"no";"yes";"yes";"yes";"yes";"yes";"yes";1;3;2;1;1;1;10;11;12;13;8;36;"4";"3";7;"many"
"GP";"F";16;"U";"4+";"T";"elementary school";"elementary school";"at_home";"other";"home";"mother";2;1;0;"no";"yes";"yes";"no";"yes";"yes";"no";"no";4;3;2;1;4;5;6;9;9;10;23;28;"1";"1";2;"some"
"GP";"F";17;"R";"4+";"T";"College";"High School";"teacher";"other";"reputation";"mother";2;3;0;"no";"yes";"yes";"yes";"yes";"yes";"yes";"yes";4;4;2;1;1;4;6;7;7;7;23;21;"4";"3";7;"some"
"GP";"F";19;"U";"4+";"T";"High School";"High School";"other";"other";"reputation";"other";1;4;0;"no";"yes";"yes";"yes";"yes";"yes";"yes";"no";4;3;3;1;2;3;10;8;8;8;8;24;"3";"3";6;"many"
"GP";"M";17;"U";"3 or less";"T";"College";"College";"services";"other";"home";"mother";1;2;0;"no";"yes";"yes";"no";"yes";"yes";"yes";"yes";5;3;5;4;5;3;13;12;12;13;8;37;"4";"4";8;"sicko"
"GP";"F";16;"U";"4+";"A";"Middle School";"Middle School";"other";"other";"reputation";"mother";1;2;0;"yes";"yes";"yes";"no";"yes";"yes";"yes";"no";3;3;4;1;1;4;0;12;13;14;8;39;"2";"2";4;"0"
"GP";"M";18;"U";"4+";"T";"Middle School";"Middle School";"services";"other";"home";"mother";1;2;1;"no";"yes";"yes";"yes";"yes";"yes";"yes";"no";4;4;4;2;4;5;15;6;7;8;8;21;"2";"2";4;"sicko"
"GP";"F";17;"R";"3 or less";"T";"College";"College";"services";"other";"other";"mother";1;1;0;"no";"yes";"yes";"no";"yes";"yes";"no";"no";5;2;1;1;2;3;12;8;10;10;8;28;"4";"4";8;"many"
"GP";"F";17;"U";"3 or less";"T";"High School";"Middle School";"other";"other";"reputation";"mother";2;2;0;"no";"no";"yes";"no";"yes";"yes";"yes";"no";4;4;4;1;3;1;2;14;15;15;23;44;"3";"2";5;"few"
"GP";"F";17;"U";"4+";"T";"College";"High School";"other";"other";"reputation";"mother";1;2;2;"no";"no";"yes";"no";"yes";"yes";"yes";"yes";3;4;5;2;4;1;22;6;6;4;8;16;"4";"3";7;"sicko"
"GP";"M";18;"U";"3 or less";"T";"High School";"High School";"services";"health";"home";"father";1;2;1;"no";"yes";"yes";"no";"yes";"yes";"yes";"no";3;2;4;2;4;4;13;6;6;8;8;20;"3";"3";6;"sicko"
"GP";"F";17;"U";"4+";"T";"Middle School";"High School";"at_home";"other";"home";"father";2;1;0;"no";"yes";"yes";"no";"yes";"yes";"no";"no";3;3;3;1;4;3;3;7;7;8;23;22;"2";"3";5;"few"
"GP";"F";17;"U";"4+";"T";"Middle School";"Middle School";"at_home";"at_home";"course";"mother";1;3;0;"no";"yes";"yes";"yes";"yes";"yes";"yes";"no";4;3;3;1;1;4;4;9;10;10;8;29;"2";"2";4;"some"
"GP";"F";17;"R";"4+";"T";"Middle School";"elementary school";"at_home";"services";"reputation";"mother";2;2;0;"no";"yes";"no";"yes";"yes";"yes";"yes";"no";4;2;5;1;2;5;2;6;6;6;23;18;"2";"1";3;"few"
"GP";"F";17;"U";"4+";"T";"elementary school";"elementary school";"at_home";"other";"reputation";"mother";1;3;1;"no";"yes";"no";"yes";"yes";"yes";"no";"yes";4;3;4;1;1;5;0;6;5;0;8;11;"1";"1";2;"0"
"GP";"F";16;"U";"4+";"T";"Middle School";"High School";"services";"teacher";"other";"mother";1;2;0;"yes";"no";"no";"no";"yes";"yes";"yes";"no";2;3;1;1;1;3;2;16;16;17;8;49;"2";"3";5;"few"
"GP";"M";18;"U";"4+";"T";"Middle School";"Middle School";"other";"other";"home";"mother";2;2;0;"no";"yes";"yes";"no";"yes";"yes";"yes";"no";3;3;3;5;5;4;0;12;13;13;23;38;"2";"2";4;"0"
"GP";"F";16;"U";"4+";"T";"College";"College";"teacher";"services";"home";"mother";1;3;0;"no";"yes";"no";"yes";"no";"yes";"yes";"no";5;3;2;1;1;5;0;13;13;14;8;40;"4";"4";8;"0"
"GP";"F";18;"R";"4+";"T";"High School";"elementary school";"other";"other";"reputation";"mother";1;2;1;"no";"no";"no";"yes";"yes";"yes";"yes";"yes";5;3;3;1;1;4;16;9;8;7;8;24;"3";"1";4;"sicko"
"GP";"F";17;"U";"4+";"T";"High School";"Middle School";"other";"other";"course";"mother";1;2;0;"no";"no";"no";"yes";"no";"yes";"yes";"no";5;3;4;1;3;3;10;16;15;15;8;46;"3";"2";5;"many"
"GP";"M";17;"U";"3 or less";"T";"Middle School";"High School";"services";"services";"reputation";"father";1;2;0;"no";"yes";"yes";"no";"no";"yes";"yes";"no";5;3;3;1;3;3;2;12;11;12;8;35;"2";"3";5;"few"
"GP";"M";18;"U";"3 or less";"T";"Middle School";"elementary school";"at_home";"other";"course";"mother";4;2;0;"yes";"yes";"yes";"yes";"yes";"yes";"yes";"yes";4;3;2;4;5;3;14;10;8;9;60;27;"2";"1";3;"sicko"
"GP";"F";17;"U";"4+";"A";"Middle School";"elementary school";"other";"other";"course";"mother";2;3;0;"no";"no";"no";"yes";"yes";"yes";"yes";"yes";3;2;3;1;2;3;10;12;10;12;23;34;"2";"1";3;"many"
"GP";"F";17;"U";"3 or less";"T";"College";"High School";"health";"other";"reputation";"father";1;2;0;"no";"no";"no";"yes";"yes";"yes";"yes";"yes";3;2;3;1;2;3;14;13;13;14;8;40;"4";"3";7;"sicko"
"GP";"M";17;"R";"4+";"T";"Middle School";"Middle School";"other";"other";"course";"father";2;2;0;"no";"yes";"yes";"yes";"yes";"yes";"yes";"no";4;5;2;1;1;1;4;11;11;11;23;33;"2";"2";4;"some"
"GP";"M";17;"U";"4+";"T";"College";"College";"teacher";"teacher";"reputation";"mother";1;2;0;"yes";"yes";"no";"yes";"yes";"yes";"yes";"yes";4;5;5;1;3;2;14;11;9;9;8;29;"4";"4";8;"sicko"
"GP";"M";16;"U";"4+";"T";"College";"College";"health";"other";"reputation";"father";1;2;0;"no";"yes";"yes";"yes";"yes";"yes";"yes";"no";4;2;4;2;4;1;2;14;13;13;8;40;"4";"4";8;"few"
"GP";"M";16;"U";"3 or less";"T";"elementary school";"elementary school";"other";"other";"home";"mother";2;2;0;"no";"yes";"yes";"no";"yes";"yes";"yes";"no";3;4;2;1;1;5;18;9;7;6;23;22;"1";"1";2;"sicko"
"GP";"M";16;"U";"4+";"T";"High School";"Middle School";"at_home";"other";"reputation";"mother";2;3;0;"no";"no";"no";"yes";"yes";"yes";"yes";"yes";5;3;3;1;3;2;10;11;9;10;23;30;"3";"2";5;"many"
"GP";"M";17;"U";"3 or less";"T";"Middle School";"Middle School";"other";"other";"home";"father";1;2;0;"no";"no";"yes";"yes";"no";"yes";"yes";"yes";4;4;2;5;5;4;4;14;13;13;8;40;"2";"2";4;"some"
"GP";"F";16;"U";"4+";"T";"Middle School";"elementary school";"other";"other";"home";"mother";1;1;0;"no";"no";"no";"no";"yes";"yes";"yes";"yes";4;5;2;1;1;5;20;13;12;12;8;37;"2";"1";3;"sicko"
"GP";"F";17;"R";"4+";"T";"Middle School";"elementary school";"at_home";"services";"course";"mother";3;2;0;"no";"no";"no";"yes";"yes";"yes";"no";"no";2;1;1;1;1;3;2;13;11;11;45;35;"2";"1";3;"few"
"GP";"M";18;"U";"4+";"T";"Middle School";"Middle School";"other";"services";"reputation";"father";1;2;1;"no";"no";"no";"no";"yes";"no";"yes";"no";5;5;4;3;5;2;0;7;7;0;8;14;"2";"2";4;"0"
"GP";"M";17;"U";"3 or less";"T";"College";"High School";"health";"other";"course";"mother";2;2;0;"no";"no";"no";"yes";"yes";"yes";"yes";"yes";2;5;5;1;4;5;14;12;12;12;23;36;"4";"3";7;"sicko"
"GP";"M";17;"R";"3 or less";"A";"College";"College";"teacher";"other";"course";"mother";2;2;0;"no";"yes";"yes";"no";"yes";"yes";"yes";"no";3;3;3;2;3;4;2;10;11;12;23;33;"4";"4";8;"few"
"GP";"M";16;"U";"3 or less";"T";"College";"High School";"teacher";"other";"course";"mother";1;1;0;"no";"no";"no";"yes";"no";"yes";"yes";"no";5;4;5;1;1;3;0;6;0;0;8;6;"4";"3";7;"0"
"GP";"M";16;"U";"4+";"T";"College";"College";"services";"services";"course";"mother";1;1;0;"no";"no";"no";"yes";"yes";"yes";"yes";"no";5;3;2;1;2;5;0;13;12;12;8;37;"4";"4";8;"0"
"GP";"F";18;"U";"4+";"T";"Middle School";"elementary school";"other";"other";"course";"other";2;3;0;"no";"yes";"yes";"no";"no";"yes";"yes";"yes";4;4;4;1;1;3;0;7;0;0;23;7;"2";"1";3;"0"
"GP";"M";16;"U";"4+";"T";"Middle School";"elementary school";"other";"other";"course";"mother";3;1;0;"no";"no";"no";"no";"yes";"yes";"yes";"no";4;3;3;1;1;4;6;18;18;18;45;54;"2";"1";3;"some"
"GP";"M";17;"U";"4+";"T";"Middle School";"High School";"other";"other";"course";"father";2;1;0;"no";"no";"no";"no";"yes";"yes";"yes";"no";5;2;2;1;1;2;4;12;12;13;23;37;"2";"3";5;"some"
"GP";"M";22;"U";"4+";"T";"High School";"elementary school";"services";"services";"other";"mother";1;1;3;"no";"no";"no";"no";"no";"no";"yes";"yes";5;4;5;5;5;1;16;6;8;8;8;22;"3";"1";4;"sicko"
"GP";"M";18;"R";"3 or less";"T";"High School";"High School";"other";"services";"course";"mother";1;2;1;"no";"yes";"no";"no";"yes";"yes";"yes";"yes";4;3;3;1;3;5;8;3;5;5;8;13;"3";"3";6;"some"
"GP";"M";16;"U";"4+";"T";"elementary school";"Middle School";"other";"other";"other";"mother";1;1;0;"no";"no";"yes";"no";"no";"yes";"yes";"no";4;3;2;2;4;5;0;13;15;15;8;43;"1";"2";3;"0"
"GP";"M";18;"U";"4+";"T";"High School";"Middle School";"services";"other";"course";"mother";2;1;1;"no";"no";"no";"no";"yes";"no";"yes";"no";4;4;5;2;4;5;0;6;8;8;23;22;"3";"2";5;"0"
"GP";"M";16;"U";"4+";"T";"High School";"High School";"at_home";"other";"reputation";"other";3;2;0;"yes";"yes";"no";"no";"no";"yes";"yes";"no";5;3;3;1;3;2;6;7;10;10;45;27;"3";"3";6;"some"
"GP";"M";18;"U";"4+";"T";"Middle School";"elementary school";"services";"services";"other";"mother";1;1;1;"no";"no";"no";"no";"no";"no";"yes";"no";3;2;5;2;5;5;4;6;9;8;8;23;"2";"1";3;"some"
"GP";"M";16;"R";"4+";"T";"Middle School";"elementary school";"other";"other";"course";"mother";2;1;0;"no";"no";"no";"yes";"no";"yes";"no";"no";3;3;2;1;3;3;0;8;9;8;23;25;"2";"1";3;"0"
"GP";"M";17;"R";"4+";"T";"Middle School";"elementary school";"other";"other";"course";"mother";1;1;0;"no";"no";"no";"no";"no";"yes";"yes";"no";4;4;2;2;4;5;0;8;12;12;8;32;"2";"1";3;"0"
"GP";"M";17;"U";"3 or less";"T";"elementary school";"elementary school";"health";"other";"course";"mother";2;1;1;"no";"yes";"no";"yes";"yes";"yes";"yes";"no";4;4;4;1;2;5;2;7;9;8;23;24;"1";"1";2;"few"
"GP";"F";17;"U";"3 or less";"T";"College";"Middle School";"teacher";"services";"reputation";"mother";1;4;0;"no";"yes";"yes";"yes";"yes";"yes";"yes";"no";4;2;3;1;1;4;6;14;12;13;8;39;"4";"2";6;"some"
"GP";"M";19;"U";"3 or less";"A";"College";"High School";"services";"at_home";"reputation";"mother";1;2;0;"no";"yes";"no";"no";"yes";"yes";"yes";"no";4;3;1;1;1;1;12;11;11;11;8;33;"4";"3";7;"many"
"GP";"M";18;"U";"4+";"T";"Middle School";"elementary school";"other";"other";"home";"mother";1;2;0;"no";"no";"no";"yes";"yes";"yes";"yes";"no";5;2;4;1;2;4;8;15;14;14;8;43;"2";"1";3;"some"
"GP";"F";17;"U";"3 or less";"T";"Middle School";"Middle School";"services";"services";"course";"father";1;4;0;"no";"no";"yes";"yes";"yes";"yes";"yes";"yes";3;4;1;1;1;2;0;10;9;0;8;19;"2";"2";4;"0"
"GP";"F";18;"U";"4+";"T";"College";"High School";"services";"other";"home";"father";1;2;0;"no";"yes";"yes";"no";"yes";"yes";"yes";"yes";3;1;2;1;3;2;21;17;18;18;8;53;"4";"3";7;"sicko"
"GP";"M";18;"U";"4+";"T";"College";"High School";"teacher";"other";"course";"mother";1;2;0;"no";"yes";"yes";"no";"no";"yes";"yes";"no";4;3;2;1;1;3;2;8;8;8;8;24;"4";"3";7;"few"
"GP";"M";18;"R";"4+";"T";"High School";"Middle School";"other";"other";"course";"mother";1;3;0;"no";"no";"no";"yes";"no";"yes";"no";"no";5;3;2;1;1;3;1;13;12;12;8;37;"3";"2";5;"1"
"GP";"F";17;"U";"4+";"T";"High School";"High School";"other";"other";"home";"mother";1;3;0;"no";"no";"no";"yes";"no";"yes";"no";"no";3;2;3;1;1;4;4;10;9;9;8;28;"3";"3";6;"some"
"GP";"F";18;"U";"4+";"T";"Middle School";"Middle School";"at_home";"services";"home";"mother";1;3;0;"no";"yes";"yes";"yes";"yes";"yes";"yes";"yes";4;3;3;1;1;3;0;9;10;0;8;19;"2";"2";4;"0"
"GP";"M";18;"R";"3 or less";"A";"High School";"College";"other";"other";"reputation";"mother";2;2;0;"no";"yes";"yes";"yes";"yes";"yes";"yes";"no";4;2;5;3;4;1;13;17;17;17;23;51;"3";"4";7;"sicko"
"GP";"M";17;"U";"4+";"T";"High School";"elementary school";"services";"other";"other";"mother";1;2;0;"no";"no";"yes";"yes";"yes";"yes";"yes";"yes";5;4;4;3;4;5;2;9;9;10;8;28;"3";"1";4;"few"
"GP";"F";18;"R";"4+";"T";"College";"College";"teacher";"other";"reputation";"mother";2;2;0;"no";"no";"yes";"yes";"yes";"yes";"yes";"no";4;3;4;2;2;4;8;12;10;11;23;33;"4";"4";8;"some"
"GP";"M";18;"U";"4+";"T";"College";"Middle School";"health";"other";"reputation";"father";1;2;0;"no";"yes";"yes";"yes";"yes";"yes";"yes";"yes";5;4;5;1;3;5;10;10;9;10;8;29;"4";"2";6;"many"
"GP";"F";18;"R";"4+";"T";"Middle School";"elementary school";"other";"other";"reputation";"mother";2;2;0;"no";"yes";"no";"no";"yes";"no";"yes";"yes";4;3;5;1;2;3;0;6;0;0;23;6;"2";"1";3;"0"
"GP";"F";19;"U";"4+";"T";"High School";"High School";"other";"services";"home";"other";1;2;2;"no";"yes";"yes";"yes";"yes";"yes";"yes";"no";4;3;5;3;3;5;15;9;9;9;8;27;"3";"3";6;"sicko"
"GP";"F";18;"U";"4+";"T";"Middle School";"High School";"other";"services";"reputation";"father";1;4;0;"no";"yes";"yes";"yes";"yes";"yes";"yes";"yes";4;5;5;1;3;2;4;15;14;14;8;43;"2";"3";5;"some"
"GP";"F";18;"U";"3 or less";"T";"elementary school";"elementary school";"other";"other";"home";"mother";2;2;0;"no";"yes";"yes";"no";"no";"yes";"no";"no";4;4;3;1;1;3;2;11;11;11;23;33;"1";"1";2;"few"
"GP";"M";17;"R";"4+";"T";"elementary school";"Middle School";"at_home";"at_home";"home";"mother";1;2;0;"no";"yes";"yes";"yes";"no";"yes";"no";"yes";3;5;2;2;2;1;2;15;14;14;8;43;"1";"2";3;"few"
"GP";"F";17;"U";"4+";"T";"Middle School";"College";"at_home";"health";"reputation";"mother";2;2;0;"no";"yes";"yes";"no";"yes";"yes";"yes";"yes";4;3;3;1;1;1;2;10;10;10;23;30;"2";"4";6;"few"
"GP";"F";17;"U";"3 or less";"T";"Middle School";"Middle School";"services";"other";"course";"mother";2;2;0;"yes";"yes";"yes";"no";"yes";"yes";"yes";"yes";4;4;4;2;3;5;6;12;12;12;23;36;"2";"2";4;"some"
"GP";"F";18;"R";"4+";"A";"High School";"Middle School";"other";"services";"home";"mother";2;2;0;"no";"no";"no";"no";"no";"no";"yes";"yes";4;1;1;1;1;5;75;10;9;9;23;28;"3";"2";5;"sicko"
"GP";"M";18;"U";"4+";"T";"College";"College";"teacher";"services";"home";"mother";2;1;0;"no";"no";"yes";"yes";"yes";"yes";"yes";"no";3;2;4;1;4;3;22;9;9;9;23;27;"4";"4";8;"sicko"
"GP";"F";18;"U";"4+";"T";"College";"College";"health";"health";"reputation";"father";1;2;1;"yes";"yes";"no";"yes";"yes";"yes";"yes";"yes";2;4;4;1;1;4;15;9;8;8;8;25;"4";"4";8;"sicko"
"GP";"M";18;"U";"3 or less";"T";"College";"High School";"teacher";"services";"course";"mother";2;1;0;"no";"no";"yes";"yes";"yes";"yes";"yes";"no";4;2;3;1;2;1;8;10;11;10;23;31;"4";"3";7;"some"
"GP";"M";17;"U";"3 or less";"A";"College";"elementary school";"services";"other";"home";"mother";2;1;0;"no";"no";"yes";"yes";"yes";"yes";"yes";"yes";4;5;4;2;4;5;30;8;8;8;23;24;"4";"1";5;"sicko"
"GP";"M";17;"U";"3 or less";"A";"High School";"Middle School";"teacher";"services";"home";"mother";1;1;1;"no";"no";"no";"no";"yes";"yes";"yes";"no";4;4;4;3;4;3;19;11;9;10;8;30;"3";"2";5;"sicko"
"GP";"F";18;"R";"3 or less";"T";"elementary school";"elementary school";"at_home";"other";"reputation";"mother";2;4;0;"no";"yes";"yes";"yes";"yes";"yes";"no";"no";5;2;2;1;1;3;1;12;12;12;23;36;"1";"1";2;"1"
"GP";"F";18;"U";"4+";"T";"elementary school";"elementary school";"other";"other";"home";"mother";2;2;0;"yes";"no";"no";"yes";"yes";"yes";"yes";"no";5;4;4;1;1;4;4;8;9;10;23;27;"1";"1";2;"some"
"GP";"F";17;"U";"4+";"T";"Middle School";"Middle School";"other";"other";"course";"mother";1;2;0;"no";"yes";"no";"no";"no";"yes";"yes";"no";5;4;5;1;2;5;4;10;9;11;8;30;"2";"2";4;"some"
"GP";"M";17;"U";"4+";"T";"elementary school";"elementary school";"other";"other";"reputation";"father";1;2;0;"no";"no";"yes";"no";"no";"yes";"yes";"no";4;3;3;1;2;4;2;12;10;11;8;33;"1";"1";2;"few"
"GP";"F";18;"U";"4+";"T";"Middle School";"Middle School";"at_home";"at_home";"other";"mother";1;3;0;"no";"yes";"yes";"no";"yes";"yes";"yes";"no";4;3;3;1;2;2;5;18;18;19;8;55;"2";"2";4;"some"
"GP";"F";17;"U";"4+";"T";"elementary school";"elementary school";"services";"teacher";"reputation";"mother";1;3;0;"no";"yes";"yes";"no";"yes";"yes";"yes";"no";4;3;3;1;1;3;6;13;12;12;8;37;"1";"1";2;"some"
"GP";"M";18;"U";"4+";"T";"Middle School";"elementary school";"services";"services";"reputation";"mother";1;3;0;"no";"no";"yes";"yes";"yes";"yes";"yes";"no";4;2;4;1;3;2;6;15;14;14;8;43;"2";"1";3;"some"
"GP";"M";18;"U";"3 or less";"A";"College";"College";"teacher";"teacher";"reputation";"mother";1;2;0;"no";"yes";"yes";"yes";"yes";"yes";"yes";"no";5;4;3;1;1;2;9;15;13;15;8;43;"4";"4";8;"many"
"GP";"M";18;"U";"4+";"T";"College";"Middle School";"teacher";"other";"home";"mother";1;2;0;"no";"yes";"yes";"yes";"yes";"yes";"yes";"yes";4;3;2;1;4;5;11;12;11;11;8;34;"4";"2";6;"many"
"GP";"F";17;"U";"4+";"T";"College";"High School";"health";"services";"reputation";"mother";1;3;0;"no";"yes";"yes";"no";"yes";"yes";"yes";"no";4;2;2;1;2;3;0;15;15;15;8;45;"4";"3";7;"0"
"GP";"F";18;"U";"3 or less";"T";"Middle School";"elementary school";"services";"at_home";"reputation";"mother";1;2;1;"no";"no";"no";"no";"yes";"yes";"yes";"yes";5;4;3;1;1;5;12;12;12;13;8;37;"2";"1";3;"many"
"GP";"F";17;"R";"3 or less";"T";"High School";"elementary school";"services";"other";"reputation";"mother";2;4;0;"no";"yes";"yes";"no";"yes";"yes";"no";"no";3;1;2;1;1;3;6;18;18;18;23;54;"3";"1";4;"some"
"GP";"M";18;"R";"3 or less";"T";"High School";"Middle School";"services";"other";"reputation";"mother";2;3;0;"no";"yes";"yes";"yes";"yes";"yes";"yes";"no";5;4;2;1;1;4;8;14;13;14;23;41;"3";"2";5;"some"
"GP";"M";17;"U";"4+";"T";"High School";"High School";"health";"other";"home";"mother";1;1;0;"no";"yes";"yes";"no";"yes";"yes";"yes";"no";4;4;3;1;3;5;4;14;12;11;8;37;"3";"3";6;"some"
"GP";"F";19;"U";"4+";"T";"College";"College";"health";"other";"reputation";"other";2;2;0;"no";"yes";"yes";"yes";"yes";"yes";"yes";"no";2;3;4;2;3;2;0;10;9;0;23;19;"4";"4";8;"0"
"GP";"F";18;"U";"3 or less";"T";"College";"High School";"other";"other";"home";"other";2;2;0;"no";"yes";"yes";"no";"yes";"yes";"yes";"yes";4;4;5;1;2;2;10;10;8;8;23;26;"4";"3";7;"many"
"GP";"F";18;"U";"4+";"T";"College";"High School";"other";"other";"reputation";"father";1;4;0;"no";"yes";"yes";"no";"yes";"yes";"yes";"no";4;3;3;1;1;3;0;14;13;14;8;41;"4";"3";7;"0"
"GP";"M";18;"U";"3 or less";"T";"College";"College";"teacher";"teacher";"home";"mother";1;1;0;"no";"yes";"yes";"no";"yes";"yes";"yes";"yes";1;4;2;2;2;1;5;16;15;16;8;47;"4";"4";8;"some"
"GP";"F";18;"U";"3 or less";"A";"College";"College";"health";"other";"home";"mother";1;2;0;"no";"yes";"no";"no";"yes";"yes";"yes";"yes";4;2;4;1;1;4;14;12;10;11;8;33;"4";"4";8;"sicko"
"GP";"M";17;"U";"3 or less";"T";"College";"College";"other";"teacher";"home";"father";2;1;0;"no";"no";"yes";"no";"yes";"yes";"yes";"no";4;1;1;2;2;5;0;11;11;10;23;32;"4";"4";8;"0"
"GP";"F";17;"U";"4+";"T";"College";"Middle School";"other";"other";"reputation";"mother";2;3;0;"no";"yes";"yes";"no";"yes";"yes";"yes";"no";4;3;3;1;1;3;0;15;12;14;23;41;"4";"2";6;"0"
"GP";"F";17;"U";"4+";"T";"High School";"Middle School";"health";"health";"reputation";"father";1;4;0;"no";"yes";"yes";"yes";"no";"yes";"yes";"no";5;2;2;1;2;5;0;17;17;18;8;52;"3";"2";5;"0"
"GP";"M";19;"U";"4+";"T";"High School";"High School";"other";"other";"home";"other";1;2;1;"no";"yes";"no";"yes";"yes";"yes";"yes";"yes";4;4;4;1;1;3;20;15;14;13;8;42;"3";"3";6;"sicko"
"GP";"F";18;"U";"4+";"T";"Middle School";"College";"services";"at_home";"reputation";"other";1;2;1;"no";"yes";"yes";"yes";"yes";"yes";"yes";"no";4;4;3;1;1;3;8;14;12;12;8;38;"2";"4";6;"some"
"GP";"M";20;"U";"4+";"A";"High School";"Middle School";"services";"other";"course";"other";1;1;0;"no";"no";"no";"yes";"yes";"yes";"no";"no";5;5;3;1;1;5;0;17;18;18;8;53;"3";"2";5;"0"
"GP";"M";19;"U";"4+";"T";"College";"College";"teacher";"services";"reputation";"other";2;1;1;"no";"yes";"yes";"no";"yes";"yes";"yes";"yes";4;3;4;1;1;4;38;8;9;8;23;25;"4";"4";8;"sicko"
"GP";"M";19;"R";"4+";"T";"High School";"High School";"other";"services";"reputation";"father";1;2;1;"no";"no";"no";"yes";"yes";"yes";"no";"yes";4;5;3;1;2;5;0;15;12;12;8;39;"3";"3";6;"0"
"GP";"F";19;"U";"3 or less";"T";"elementary school";"elementary school";"at_home";"other";"reputation";"other";1;2;1;"yes";"yes";"no";"yes";"no";"yes";"yes";"no";4;4;3;1;3;3;18;12;10;10;8;32;"1";"1";2;"sicko"
"GP";"F";19;"U";"3 or less";"T";"elementary school";"Middle School";"services";"services";"home";"other";1;2;1;"no";"no";"no";"yes";"no";"yes";"no";"yes";4;2;4;2;2;3;0;9;9;0;8;18;"1";"2";3;"0"
"GP";"F";19;"U";"4+";"T";"Middle School";"elementary school";"at_home";"other";"other";"other";3;2;0;"no";"yes";"no";"no";"yes";"no";"yes";"yes";3;4;1;1;1;2;20;14;12;13;45;39;"2";"1";3;"sicko"
"GP";"M";19;"U";"4+";"T";"elementary school";"Middle School";"other";"services";"course";"other";1;2;1;"no";"no";"no";"no";"no";"yes";"yes";"no";4;5;2;2;2;4;3;13;11;11;8;35;"1";"2";3;"few"
"GP";"F";19;"U";"3 or less";"T";"High School";"Middle School";"services";"other";"reputation";"other";2;2;1;"no";"yes";"yes";"no";"no";"yes";"yes";"yes";4;2;2;1;2;1;22;13;10;11;23;34;"3";"2";5;"sicko"
"GP";"F";19;"U";"4+";"T";"elementary school";"elementary school";"at_home";"health";"home";"other";1;3;2;"no";"no";"no";"no";"no";"yes";"yes";"yes";4;1;2;1;1;3;14;15;13;13;8;41;"1";"1";2;"sicko"
"GP";"F";19;"R";"4+";"T";"Middle School";"High School";"other";"other";"reputation";"other";1;3;1;"no";"no";"no";"no";"yes";"yes";"yes";"yes";4;1;2;1;1;3;40;13;11;11;8;35;"2";"3";5;"sicko"
"GP";"F";18;"U";"4+";"T";"Middle School";"elementary school";"services";"other";"course";"mother";2;2;0;"no";"yes";"yes";"yes";"yes";"yes";"yes";"no";5;3;3;1;2;1;0;8;8;0;23;16;"2";"1";3;"0"
"GP";"F";18;"U";"4+";"T";"College";"High School";"other";"other";"course";"mother";1;3;0;"no";"yes";"yes";"yes";"yes";"yes";"yes";"yes";4;3;4;1;1;5;9;9;10;9;8;28;"4";"3";7;"many"
"GP";"F";17;"R";"4+";"T";"High School";"College";"at_home";"services";"course";"father";1;3;0;"no";"yes";"yes";"yes";"no";"yes";"yes";"no";4;3;4;2;5;5;0;11;11;10;8;32;"3";"4";7;"0"
"GP";"F";18;"U";"4+";"T";"College";"College";"teacher";"other";"course";"mother";1;2;0;"no";"yes";"yes";"no";"yes";"yes";"yes";"no";4;4;4;3;3;5;2;11;11;11;8;33;"4";"4";8;"few"
"GP";"F";17;"U";"4+";"A";"College";"High School";"services";"services";"course";"mother";1;2;0;"no";"yes";"yes";"no";"yes";"yes";"yes";"yes";5;2;2;1;2;5;23;13;13;13;8;39;"4";"3";7;"sicko"
"GP";"F";17;"U";"4+";"T";"Middle School";"Middle School";"other";"other";"course";"mother";1;2;0;"no";"yes";"no";"no";"yes";"yes";"no";"yes";4;2;2;1;1;3;12;11;9;9;8;29;"2";"2";4;"many"
"GP";"F";17;"R";"3 or less";"T";"Middle School";"Middle School";"services";"services";"course";"mother";1;3;0;"no";"yes";"yes";"yes";"yes";"yes";"yes";"no";3;3;2;2;2;3;3;11;11;11;8;33;"2";"2";4;"few"
"GP";"F";17;"U";"4+";"T";"High School";"elementary school";"services";"services";"course";"father";1;3;0;"no";"yes";"no";"no";"no";"yes";"yes";"no";3;4;3;2;3;5;1;12;14;15;8;41;"3";"1";4;"1"
"GP";"F";17;"U";"3 or less";"T";"elementary school";"Middle School";"at_home";"at_home";"home";"father";2;3;0;"no";"no";"no";"no";"yes";"yes";"yes";"no";3;3;3;2;3;2;0;16;15;15;23;46;"1";"2";3;"0"
"GP";"M";18;"U";"4+";"T";"College";"College";"other";"other";"course";"mother";1;3;0;"no";"no";"no";"yes";"yes";"yes";"yes";"no";4;3;3;2;2;3;3;9;12;11;8;32;"4";"4";8;"few"
"GP";"M";17;"U";"4+";"T";"High School";"High School";"other";"services";"reputation";"mother";1;1;0;"no";"no";"no";"yes";"no";"yes";"yes";"no";4;3;5;3;5;5;3;14;15;16;8;45;"3";"3";6;"few"
"GP";"M";17;"R";"4+";"T";"Middle School";"Middle School";"services";"other";"course";"mother";4;1;0;"no";"yes";"no";"no";"yes";"yes";"yes";"no";4;4;5;5;5;4;8;11;10;10;60;31;"2";"2";4;"some"
"GP";"F";17;"U";"4+";"T";"College";"College";"teacher";"services";"course";"mother";1;3;0;"no";"yes";"yes";"yes";"yes";"yes";"yes";"no";5;4;4;1;3;4;7;10;9;9;8;28;"4";"4";8;"some"
"GP";"F";17;"U";"4+";"T";"College";"College";"teacher";"teacher";"course";"mother";2;3;0;"no";"yes";"yes";"no";"no";"yes";"yes";"yes";4;3;3;1;2;4;4;14;14;14;23;42;"4";"4";8;"some"
"GP";"M";18;"U";"3 or less";"T";"Middle School";"Middle School";"other";"other";"course";"mother";1;4;0;"no";"yes";"no";"yes";"yes";"yes";"yes";"no";4;5;5;2;4;5;2;9;8;8;8;25;"2";"2";4;"few"
"GP";"F";17;"R";"4+";"T";"Middle School";"College";"at_home";"other";"course";"father";1;3;0;"no";"yes";"no";"no";"yes";"yes";"yes";"yes";4;4;3;1;1;5;7;12;14;14;8;40;"2";"4";6;"some"
"GP";"F";18;"U";"4+";"T";"High School";"High School";"services";"services";"home";"mother";1;2;0;"no";"no";"no";"yes";"yes";"yes";"yes";"no";5;3;4;1;1;4;0;7;0;0;8;7;"3";"3";6;"0"
"GP";"F";18;"U";"3 or less";"T";"Middle School";"Middle School";"other";"other";"home";"other";1;2;0;"no";"no";"no";"yes";"no";"yes";"yes";"yes";4;3;3;1;1;2;0;8;8;0;8;16;"2";"2";4;"0"
"GP";"F";18;"R";"4+";"T";"Middle School";"Middle School";"at_home";"other";"course";"mother";2;4;0;"no";"no";"no";"yes";"yes";"yes";"no";"no";4;4;4;1;1;4;0;10;9;0;23;19;"2";"2";4;"0"
"GP";"F";17;"U";"4+";"T";"High School";"College";"services";"other";"course";"mother";1;3;0;"no";"no";"no";"no";"yes";"yes";"yes";"no";4;4;5;1;3;5;16;16;15;15;8;46;"3";"4";7;"sicko"
"GP";"F";19;"R";"4+";"A";"High School";"elementary school";"services";"at_home";"home";"other";1;3;1;"no";"no";"yes";"no";"yes";"yes";"no";"no";5;4;3;1;2;5;12;14;13;13;8;40;"3";"1";4;"many"
"GP";"F";17;"U";"4+";"T";"High School";"Middle School";"other";"other";"home";"mother";1;2;0;"no";"yes";"yes";"no";"yes";"yes";"yes";"yes";4;3;2;2;3;2;0;7;8;0;8;15;"3";"2";5;"0"
"GP";"F";18;"U";"3 or less";"T";"High School";"High School";"services";"services";"home";"mother";1;4;0;"no";"yes";"no";"no";"yes";"yes";"yes";"no";5;3;3;1;1;1;7;16;15;17;8;48;"3";"3";6;"some"
"GP";"F";17;"R";"4+";"A";"High School";"Middle School";"other";"other";"home";"mother";1;2;0;"no";"yes";"yes";"no";"yes";"yes";"yes";"no";4;3;3;2;3;2;4;9;10;10;8;29;"3";"2";5;"some"
"GP";"F";19;"U";"4+";"T";"Middle School";"elementary school";"services";"services";"home";"other";1;3;1;"no";"no";"yes";"yes";"yes";"yes";"yes";"yes";4;3;4;1;3;3;4;11;12;11;8;34;"2";"1";3;"some"
"GP";"M";18;"U";"4+";"T";"College";"College";"teacher";"services";"home";"father";1;2;1;"no";"yes";"no";"yes";"yes";"yes";"yes";"no";4;3;3;2;2;2;0;10;10;0;8;20;"4";"4";8;"0"
"GP";"M";18;"U";"3 or less";"T";"High School";"College";"services";"other";"home";"mother";1;2;0;"no";"no";"no";"yes";"yes";"yes";"yes";"yes";4;3;3;1;3;5;11;16;15;15;8;46;"3";"4";7;"many"
"GP";"F";17;"U";"4+";"A";"Middle School";"Middle School";"at_home";"at_home";"home";"father";1;2;1;"no";"yes";"no";"no";"yes";"yes";"yes";"yes";3;3;1;1;2;4;0;9;8;0;8;17;"2";"2";4;"0"
"GP";"F";18;"U";"4+";"T";"Middle School";"High School";"at_home";"other";"course";"mother";1;3;0;"no";"yes";"no";"no";"yes";"yes";"yes";"no";4;3;3;1;2;3;4;11;10;10;8;31;"2";"3";5;"some"
"GP";"F";18;"U";"4+";"T";"High School";"Middle School";"other";"services";"other";"mother";1;3;0;"no";"no";"no";"no";"yes";"yes";"yes";"yes";5;4;3;2;3;1;7;13;13;14;8;40;"3";"2";5;"some"
"GP";"M";18;"R";"4+";"T";"College";"High School";"teacher";"services";"course";"mother";1;3;0;"no";"no";"no";"no";"yes";"yes";"yes";"yes";5;3;2;1;2;4;9;16;15;16;8;47;"4";"3";7;"many"
"GP";"M";18;"U";"4+";"T";"College";"High School";"teacher";"other";"course";"mother";1;3;0;"no";"yes";"yes";"no";"yes";"yes";"yes";"yes";5;4;5;2;3;5;0;10;10;9;8;29;"4";"3";7;"0"
"GP";"F";17;"U";"4+";"T";"College";"High School";"health";"other";"reputation";"mother";1;3;0;"no";"yes";"yes";"yes";"yes";"yes";"yes";"yes";4;4;3;1;3;4;0;13;15;15;8;43;"4";"3";7;"0"
"MS";"M";18;"R";"4+";"T";"High School";"Middle School";"other";"other";"course";"mother";2;1;1;"no";"yes";"no";"no";"no";"yes";"yes";"no";2;5;5;5;5;5;10;11;13;13;23;37;"3";"2";5;"many"
"MS";"M";19;"R";"4+";"T";"elementary school";"elementary school";"other";"services";"home";"other";3;2;3;"no";"no";"no";"no";"yes";"yes";"yes";"no";5;4;4;3;3;2;8;8;7;8;45;23;"1";"1";2;"some"
"MS";"M";17;"U";"4+";"T";"High School";"High School";"health";"other";"course";"mother";2;2;0;"no";"yes";"yes";"no";"yes";"yes";"yes";"no";4;5;4;2;3;3;2;13;13;13;23;39;"3";"3";6;"few"
"MS";"M";18;"U";"3 or less";"T";"elementary school";"High School";"at_home";"services";"course";"mother";1;1;1;"no";"no";"no";"no";"yes";"no";"yes";"yes";4;3;3;2;3;3;7;8;7;8;8;23;"1";"3";4;"some"
"MS";"M";19;"R";"4+";"T";"elementary school";"elementary school";"other";"other";"home";"other";3;1;1;"no";"yes";"no";"no";"yes";"yes";"yes";"no";4;4;4;3;3;5;4;8;8;8;45;24;"1";"1";2;"some"
"MS";"M";17;"R";"4+";"T";"College";"High School";"services";"other";"home";"mother";2;2;0;"no";"yes";"yes";"yes";"no";"yes";"yes";"yes";4;5;5;1;3;2;4;13;11;11;23;35;"4";"3";7;"some"
"MS";"F";18;"U";"4+";"T";"High School";"High School";"services";"services";"course";"father";1;2;0;"no";"yes";"no";"no";"yes";"yes";"no";"yes";5;3;4;1;1;5;0;10;9;9;8;28;"3";"3";6;"0"
"MS";"F";17;"R";"4+";"T";"College";"College";"teacher";"services";"other";"father";2;2;0;"no";"yes";"yes";"yes";"yes";"yes";"yes";"no";4;3;3;1;2;5;4;12;13;13;23;38;"4";"4";8;"some"
"MS";"F";17;"U";"3 or less";"A";"High School";"Middle School";"services";"other";"reputation";"mother";2;2;0;"no";"no";"no";"no";"yes";"yes";"no";"yes";1;2;3;1;2;5;2;12;12;11;23;35;"3";"2";5;"few"
"MS";"M";18;"U";"3 or less";"T";"elementary school";"elementary school";"other";"services";"home";"father";2;1;0;"no";"no";"no";"no";"no";"yes";"yes";"yes";3;3;2;1;2;3;4;10;10;10;23;30;"1";"1";2;"some"
"MS";"F";18;"U";"3 or less";"T";"elementary school";"elementary school";"at_home";"services";"course";"father";2;3;0;"no";"no";"no";"no";"yes";"yes";"yes";"no";5;3;2;1;1;4;0;18;16;16;23;50;"1";"1";2;"0"
"MS";"F";18;"R";"3 or less";"A";"elementary school";"College";"at_home";"other";"course";"mother";3;2;0;"no";"no";"no";"no";"yes";"yes";"no";"yes";4;3;4;1;4;5;0;13;13;13;45;39;"1";"4";5;"0"
"MS";"M";18;"R";"3 or less";"T";"elementary school";"elementary school";"at_home";"other";"other";"mother";2;2;1;"no";"no";"no";"yes";"no";"no";"no";"no";4;4;3;2;3;5;2;13;12;12;23;37;"1";"1";2;"few"
"MS";"F";18;"U";"4+";"T";"High School";"High School";"services";"services";"other";"mother";2;2;0;"no";"yes";"no";"no";"yes";"yes";"yes";"yes";4;3;2;1;3;3;0;11;11;10;23;32;"3";"3";6;"0"
"MS";"F";17;"U";"3 or less";"T";"College";"College";"at_home";"at_home";"course";"mother";1;2;0;"no";"yes";"yes";"yes";"yes";"yes";"yes";"yes";2;3;4;1;1;1;0;16;15;15;8;46;"4";"4";8;"0"
"MS";"F";17;"R";"4+";"T";"elementary school";"Middle School";"other";"services";"course";"father";2;2;0;"no";"no";"no";"no";"no";"yes";"no";"no";3;2;2;1;2;3;0;12;11;12;23;35;"1";"2";3;"0"
"MS";"M";18;"R";"4+";"T";"elementary school";"High School";"at_home";"other";"course";"mother";2;2;0;"no";"yes";"yes";"no";"yes";"yes";"no";"no";3;3;4;2;4;3;4;10;10;10;23;30;"1";"3";4;"some"
"MS";"M";18;"U";"3 or less";"T";"College";"College";"teacher";"services";"other";"mother";2;3;0;"no";"no";"yes";"no";"yes";"yes";"yes";"yes";4;2;2;2;2;5;0;13;13;13;23;39;"4";"4";8;"0"
"MS";"F";17;"R";"4+";"T";"elementary school";"elementary school";"other";"services";"reputation";"mother";3;1;1;"no";"yes";"yes";"no";"yes";"yes";"yes";"yes";5;2;1;1;2;1;0;7;6;0;45;13;"1";"1";2;"0"
"MS";"F";18;"U";"4+";"T";"Middle School";"High School";"at_home";"services";"course";"father";2;1;0;"no";"yes";"yes";"no";"yes";"yes";"yes";"yes";5;2;3;1;2;4;0;11;10;10;23;31;"2";"3";5;"0"
"MS";"F";18;"R";"4+";"T";"College";"College";"other";"teacher";"other";"father";3;2;0;"no";"yes";"yes";"no";"no";"yes";"yes";"yes";3;2;2;4;2;5;10;14;12;11;45;37;"4";"4";8;"many"
"MS";"F";19;"U";"3 or less";"T";"High School";"Middle School";"services";"services";"home";"other";2;2;2;"no";"no";"no";"yes";"yes";"yes";"no";"yes";3;2;2;1;1;3;4;7;7;9;23;23;"3";"2";5;"some"
"MS";"M";18;"R";"3 or less";"T";"elementary school";"Middle School";"at_home";"services";"other";"father";3;1;0;"no";"yes";"yes";"yes";"yes";"no";"yes";"yes";4;3;3;2;3;3;3;14;12;12;45;38;"1";"2";3;"few"
"MS";"F";17;"U";"4+";"T";"Middle School";"Middle School";"other";"at_home";"home";"mother";1;3;0;"no";"no";"no";"yes";"yes";"yes";"no";"yes";3;4;3;1;1;3;8;13;11;11;8;35;"2";"2";4;"some"
"MS";"F";17;"R";"4+";"T";"elementary school";"Middle School";"other";"other";"course";"mother";1;1;0;"no";"no";"no";"yes";"yes";"yes";"yes";"no";3;5;5;1;3;1;14;6;5;5;8;16;"1";"2";3;"sicko"
"MS";"F";18;"R";"3 or less";"T";"College";"College";"other";"other";"reputation";"mother";2;3;0;"no";"no";"no";"no";"yes";"yes";"yes";"no";5;4;4;1;1;1;0;19;18;19;23;56;"4";"4";8;"0"
"MS";"F";18;"R";"4+";"T";"elementary school";"elementary school";"other";"other";"home";"mother";4;3;0;"no";"no";"no";"no";"yes";"yes";"yes";"no";4;3;2;1;2;4;2;8;8;10;60;26;"1";"1";2;"few"
"MS";"F";20;"U";"4+";"T";"College";"Middle School";"health";"other";"course";"other";2;3;2;"no";"yes";"yes";"no";"no";"yes";"yes";"yes";5;4;3;1;1;3;4;15;14;15;23;44;"4";"2";6;"some"
"MS";"F";18;"R";"3 or less";"T";"College";"College";"teacher";"services";"course";"mother";1;2;0;"no";"no";"yes";"yes";"yes";"yes";"yes";"no";5;4;3;3;4;2;4;8;9;10;8;27;"4";"4";8;"some"
"MS";"F";18;"U";"4+";"T";"High School";"High School";"other";"other";"home";"mother";1;2;0;"no";"no";"yes";"no";"yes";"yes";"yes";"yes";4;1;3;1;2;1;0;15;15;15;8;45;"3";"3";6;"0"
"MS";"F";17;"R";"4+";"T";"High School";"elementary school";"at_home";"other";"reputation";"mother";1;2;0;"no";"yes";"yes";"yes";"no";"yes";"yes";"no";4;5;4;2;3;1;17;10;10;10;8;30;"3";"1";4;"sicko"
"MS";"M";18;"U";"4+";"T";"College";"College";"teacher";"teacher";"home";"father";1;2;0;"no";"no";"yes";"yes";"no";"yes";"yes";"no";3;2;4;1;4;2;4;15;14;14;8;43;"4";"4";8;"some"
"MS";"M";18;"R";"4+";"T";"Middle School";"elementary school";"other";"other";"other";"mother";2;1;0;"no";"no";"no";"yes";"no";"yes";"yes";"yes";4;4;3;1;3;5;5;7;6;7;23;20;"2";"1";3;"some"
"MS";"M";17;"U";"4+";"T";"Middle School";"High School";"other";"services";"home";"father";2;2;0;"no";"no";"no";"yes";"yes";"yes";"yes";"no";4;4;3;1;1;3;2;11;11;10;23;32;"2";"3";5;"few"
"MS";"M";19;"R";"4+";"T";"elementary school";"elementary school";"other";"services";"other";"mother";2;1;1;"no";"no";"no";"no";"yes";"yes";"no";"no";4;3;2;1;3;5;0;6;5;0;23;11;"1";"1";2;"0"
"MS";"M";18;"R";"4+";"T";"College";"Middle School";"other";"other";"home";"father";2;1;1;"no";"no";"yes";"no";"yes";"yes";"no";"no";5;4;3;4;3;3;14;6;5;5;23;16;"4";"2";6;"sicko"
"MS";"F";18;"R";"4+";"T";"Middle School";"Middle School";"at_home";"other";"other";"mother";2;3;0;"no";"no";"yes";"no";"yes";"yes";"no";"no";5;3;3;1;3;4;2;10;9;10;23;29;"2";"2";4;"few"
"MS";"F";18;"R";"4+";"T";"College";"College";"teacher";"at_home";"reputation";"mother";3;1;0;"no";"yes";"yes";"yes";"yes";"yes";"yes";"yes";4;4;3;2;2;5;7;6;5;6;45;17;"4";"4";8;"some"
"MS";"F";19;"R";"4+";"T";"Middle School";"High School";"services";"other";"course";"mother";1;3;1;"no";"no";"no";"yes";"no";"yes";"yes";"no";5;4;2;1;2;5;0;7;5;0;8;12;"2";"3";5;"0"
"MS";"F";18;"U";"3 or less";"T";"High School";"elementary school";"teacher";"services";"course";"mother";1;2;0;"no";"yes";"yes";"no";"yes";"yes";"yes";"no";4;3;4;1;1;1;0;7;9;8;8;24;"3";"1";4;"0"
"MS";"F";18;"U";"4+";"T";"elementary school";"elementary school";"other";"other";"course";"mother";2;2;1;"no";"no";"no";"yes";"yes";"yes";"no";"no";1;1;1;1;1;5;0;6;5;0;23;11;"1";"1";2;"0"
"MS";"M";20;"U";"3 or less";"A";"Middle School";"Middle School";"services";"services";"course";"other";1;2;2;"no";"yes";"yes";"no";"yes";"yes";"no";"no";5;5;4;4;5;4;11;9;9;9;8;27;"2";"2";4;"many"
"MS";"M";17;"U";"3 or less";"T";"High School";"elementary school";"services";"services";"course";"mother";2;1;0;"no";"no";"no";"no";"no";"yes";"yes";"no";2;4;5;3;4;2;3;14;16;16;23;46;"3";"1";4;"few"
"MS";"M";21;"R";"4+";"T";"elementary school";"elementary school";"other";"other";"course";"other";1;1;3;"no";"no";"no";"no";"no";"yes";"no";"no";5;5;3;3;3;3;3;10;8;7;8;25;"1";"1";2;"few"
"MS";"M";18;"R";"3 or less";"T";"High School";"Middle School";"services";"other";"course";"mother";3;1;0;"no";"no";"no";"no";"no";"yes";"yes";"no";4;4;1;3;4;5;0;11;12;10;45;33;"3";"2";5;"0"
"MS";"M";19;"U";"3 or less";"T";"elementary school";"elementary school";"other";"at_home";"course";"father";1;1;0;"no";"no";"no";"no";"yes";"yes";"yes";"no";3;2;3;3;3;5;5;8;9;9;8;26;"1";"1";2;"some"
